year,no,instruction,input,result,isAnswerable,isMultipleChoice,isSingleChoiceSolution,note
2024,1,"น้ำพันซ์ทำจากน้ำส้ม, น้ำมะนาว, และน้ำเชื่อมผสมกันในอัตราส่วน 8:7:3 ถ้าต้องการผลิตน้ำพันซ์จำนวน 90 ลิตร จะต้องใช้น้ำมะนาวกี่ลิตร","(1) 7
(2) 15
(3) 35
(4) 40
(5) 42
",(3) 35,True,True,True,Quant
2024,2,สมปองซื้อส้มสำยน้ำผึ้งและส้มเขียวหวานมาผสมกัน โดยซื้อส้มสำยน้ำผึ้งและส้มเขียวหวานมาราคา กิโลกรัมละ 27.50 บาท และ 20 บาท ตามลำดับ ถ้าเขาขายส้มไปในราคากิโลกรัมละ 25 บาท เมื่อขายหมดปริมาณส้มสำยน้ำผึ้งต่อส้มเขียวหวานที่ซื้อมาเท่ากับ เท่าไร?,"(1) 1:2
(2) 2:1
(3) 2:3
(4) 3:2
(5) 1:1
",(2) 2:1,True,True,True,Quant
2024,3,"นาย A ซื้อสร้อยมูลค่า 2,000 บาท ต่อมูลค่าต่อให้นาย B โดยค่าทุน 20% และต่อมูลค่านาย B ขายสร้อยต่อให้นาย C โดยค่าทุน 10% จงหาว่านาย C ซื้อสร้อยราคาต่ำกว่านาย A กี่เปอร์เซ็นต์","(1) 15
(2) 18
(3) 25
(4) 28
(5) 30
",(4) 28,True,True,True,Quant
2024,4,"สมพรต้องการซื้อเครื่องสำอางราคา 2,400 บาท ต่อมาสมพรได้ลดราคาเครื่องสำอางลง 20% ภายหลังสมพรเปลี่ยนใจต้องการขยายเครื่องสำอางราคา 2,400 บาทเหมือนเดิม อยากทราบว่าสมพรต้องเพิ่มราคาอีกกี่เปอร์เซนต์","(1) 10
(2) 15
(3) 20
(4) 25
(5) 30
",(4) 25,True,True,True,Quant
2024,5,สี่เหลี่ยมผืนผ้ารูปหนึ่งมีความยาว 10 นิ้ว กว้าง 6 นิ้ว ถ้าเพิ่มความยาวอีก 50% จะต้องลดความกว้างลงกี่เปอร์เซนต์เพื่อให้สี่เหลี่ยมรูปนี้มีพื้นที่เท่าเดิม?,"(1) 15
(2) 25
(3) 33
(4) 40
(5) 50
",(3) 33,True,True,True,Quant
2024,6,กำหนดให้ผู้ใหญ่ 1 คนทำงานอย่างหนึ่งเสร็จใน 5 ชั่วโมง และเด็ก 1 คนทำงานเดียวกันนี้เสร็จใน 10 ชั่วโมง จงหาว่าผู้ใหญ่ 1 คน และเด็ก 1 คน ช่วยกันทำงานนี้จะเสร็จในกี่ชั่วโมง,"(1) 1
(2) 4.17
(3) 3.67
(4) 4.5
(5) 3.33
",(5) 3.33,True,True,True,Quant
2024,7,ชาย 7 คน หญิง 6 คน ทำงานแห่งหนึ่งเสร็จใน 7 วัน แต่ชาย 5 คน หญิง 4 คน ทำงานแห่งนี้เสร็จใน 10 วัน ถ้าให้ชาย 6 คน และหญิง 2 คน จะทำงานแห่งเดียวกันเสร็จภายในกี่วัน,"(1) 14
(2) 13
(3) 12
(4) 11
(5) 10
",(5) 10,True,True,True,Quant
2024,8,เรือลำหนึ่งแล้วนำตามน้ำ 5 ชั่วโมง จะได้ระยะทางเท่ากับแล้วน้ำ 11 ชั่วโมง แต่ถ้าแล้วนำตามน้ำ 33 กิโลเมตร แล้วแล้วน้ำอีก 15 กิโลเมตรจะใช้เวลารวม 6 ชั่วโมง อัตราเร็วของกระแสน้ำเป็นกี่กิโลเมตรต่อชั่วโมง,"(1) 3
(2) 5
(3) 7
(4) 8
(5) 11
",(1) 3,True,True,True,Quant
2024,9,โรงเรียนแห่งหนึ่งมีนักเรียน 80 คน และมีชมรมกีฬา 3 ชมรมคือ ฟุตบอล กรีฑา และว่ายน้ำ นักเรียนทุกคนต้องเป็นสมาชิกอย่างน้อย 1 ชมรม ถ้ามีนักเรียน 30 คน ที่ไม่เป็นสมาชิกชมรมว่ายน้ำ มีนักเรียน 20 คน ที่เป็นสมาชิกชมรมว่ายน้ำแต่ไม่เป็นสมาชิกชมรมฟุตบอล และมีนักเรียน 18 คน ที่เป็นสมาชิกทั้งชมรมฟุตบอลและชมรมว่ายน้ำ แต่ไม่เป็นสมาชิกชมรมกรีฑา แล้วจำนวนนักเรียนที่เป็นสมาชิกทั้ง 3 ชมรมเท่ากับข้อใดต่อไปนี้?,"(1) 8
(2) 12
(3) 14
(4) 15
(5) 17
",(2) 12,True,True,True,Quant
2024,10,จากการสอบทำมผู้ดื่มกาแฟ 20 คน พบว่า จำนวนผู้ที่ใส่น้ำส้มในกาแฟน้อยกว่าสองเท่าของจำนวนผู้ที่ใส่น้ำตาลในกาแฟอยู่ 7 คน จำนวนผู้ที่ใส่ทั้งน้ำส้มและน้ำตาลในกาแฟเท่ากับจำนวนผู้ที่ไม่ใส่น้ำส้มและไม่ใส่น้ำตาลในกาแฟ จำนวนผู้ที่ใส่น้ำส้มในกาแฟมีอยู่กี่คน?,"(1) 15
(2) 13
(3) 11
(4) 9
(5) 8
",(3) 11,True,True,True,Quant
2024,11,บัตรดูละครอยู่ 4 ใบ เป็นบัตรราคาใบละ 100 บาท 2 ใบ ใบละ 50 บาท 1 ใบ และใบละ 30 บาท อีก 1 ใบ จงหาว่าควรจะเป็นในการหยิบบัตรดูละครหนึ่งใบให้ได้บัตรราคา 100 บาท หรือบัตรราคา 50 บาท,"(1) 0.25
(2) 0.3
(3) 0.5
(4) 0.75
(5) 0.8
",(4) 0.75,True,True,True,Quant
2024,12,บ้านพักและสถานที่ทำงานของประธานพรตั้งอยู่ริมฝั่งแม่น้ำเจ้าพระยา ประธานพรโดยสารเรือยนต์ไปทำงานตอนเช้าและกลับที่พักตอนเย็น โดยเรือยนต์มีราคาดังนี้ ราคาใหญ่ 3 ล้าน ราคากลาง 5 ล้าน และราคาเล็ก 2 ล้าน และถ้าประธานพรไม่เจรจะโดยสารเรือลำหนึ่งลำใดโดยเฉพาะ ความราคาจะเป็นที่ประธานพรจะโดยสารเรือยนต์ไปทำงานและกลับบ้านพักด้วยเรือคนละราคากันมีคำถามใด?,"(1) 62/90
(2) 62/100
(3) 21/100
(4) 21/90
(5) 15/90
",(2) 62/100,True,True,True,Quant
2024,13,"ราคาเข้าชมกายการแข่งขันวอลเลย์บอลนัดหนึ่งเป็นดังนี้ ผู้ใหญ่คนละ 250 บาท และเด็กคนละ 150 บาท ตามข้อกฎว่ามีผู้เข้าชม 8,500 คน และรายได้จากบัตรเข้าชมได้ 1,995,000 บาท อยากทราบว่ามีผู้ใหญ่และเด็กเข้าชมการแข่งขันครั้งนี้มีจำนวนต่างกันกี่คน","(1) 7200
(2) 5900
(3) 5400
(4) 4200
(5) 3600
",(2) 5900,True,True,True,Quant
2024,14,"ซื้อวัวและแกะมาอย่างละตัวราคารวมกัน 9,000 บาท ขายวัวไปได้กำไร 30% ขายแกะไปได้กำไร 40% รวมกำไรทั้งสิ้น 3,100 บาท จงหาว่าซื้อวัวมีราคาตัวละเท่าใด","(1) 3000
(2) 4000
(3) 5000
(4) 6000
(5) 7000
",(3) 5000,True,True,True,Quant
2024,15,ในการสอบวิชาภาษาอังกฤษ ข้อสอบมี 30 ข้อ ถ้าตอบถูกในข้อนั้นจะได้ 3 คะแนน แต่ถ้าตอบผิดจะถูกหักคะแนนข้อละ 2 คะแนน ถ้านักเรียนคนหนึ่งทำข้อสอบทุกข้อได้คะแนนรวมกัน 65 คะแนน จงหาว่าเขาทำข้อสอบผิดกี่ข้อ,"(1) 1
(2) 2
(3) 3
(4) 4
(5) 5
",(5) 5,True,True,True,Quant
2024,16,"สวนสัตว์เลี้ยงกิ้งก่าประหลาดชนิดหนึ่ง ซึ่งเปลี่ยนสีทุกครั้งที่มีวัตถุมาแตะโดนตัวของกิ้งก่าชนิดนี้ และมีการเปลี่ยนสีที่มีรูปแบบต่อไปนี้:

กิ้งก่าสีแดง หากโดนแตะจะเปลี่ยนเป็นกิ้งก่าสีเขียว
กิ้งก่าสีเขียว หากโดนแตะจะเปลี่ยนเป็นกิ้งก่าสีน้ำเงิน
กิ้งก่าสีน้ำเงิน หากโดนแตะจะเปลี่ยนเป็นกิ้งก่าสีแดง
ทุกวันก่อนเปิดการแสดงกิ้งก่า สวนสัตว์ต้องให้กิ้งก่าทั้งหมดมีสีเป็นสีใดก็ได้ แต่กิ้งก่าทั้งหมดจะต้องมีสีเดียวกันทุกตัว ถ้าวันนี้ก่อนเปิดการแสดงมีกิ้งก่าสีแดง 13 ตัว กิ้งก่าสีเขียว 16 ตัว และกิ้งก่าสีน้ำเงิน 9 ตัว อยากทราบผู้ดูแลจะต้องแตะกิ้งก่าทั้งหมดรวมกันอย่างน้อยที่สุดกี่ครั้ง (ผู้ดูแลสามารถแตะกิ้งก่าตัวเดียวกัน ซ้ำกันได้ไม่เกิน 4 ครั้ง)","(1) 25
(2) 28
(3) 31
(4) 33
(5) 35
",(3) 31,True,True,True,Quant
2024,17,"ในบริษัทแห่งหนึ่งมีการสรรหาที่จอดรถให้กับผู้บริหาร 5 ที่ เรียงตามลำดับตำแหน่งดังต่อไปนี้: กรรมการผู้จัดการ, ประธาน, รองประธาน, ผู้อำนวยการ, และผู้จัดการ ถ้าระบุชื่อของผู้บริหารโดยเรียงตามตัวอักษร คือ กมล, ขนิษฐา, ครรชิต, จันทนี, และเฉลิมชัย และมีรถสีต่างกัน คือ สีเหลือง, เขียว, ขาว, แดง, และดำ (ไม่ได้เรียงตามลำดับตำแหน่งและชื่อ) โดยมีข้อมูลดังต่อไปนี้:

รถที่จอดในช่องแรกเป็นสีแดง
รถคันสีดำจอดระหว่างสีแดงและสีเขียว
รถในช่องสุดท้ายเป็นสีขาว
ผู้อำนวยการขับรถสีเหลือง
รถของกมลจอดช่องติดกันกับรถของจันทนี
เฉลิมชัยขับรถสีเขียว
รถของขนิษฐาจอดระหว่างรถของครรชิตและเฉลิมชัย
รถของจันทนีจอดในช่องสุดท้าย
ใครคือกรรมการผู้จัดการของบริษัทนี้?","(1) กมล
(2) ขนิษฐา
(3) ครรชิต
(4) จันทนี
(5) เฉลิมชัย
",(3) ครรชิต,True,True,True,Quant
2024,18,"ศูนย์ภูมิศาสตร์ไดย รักสัตว์ เลี้ยงสุนัข 7 สายพันธุ์ คือ A, B, C, D, E, F, G เนื่องจากบางสายพันธุ์จะเลี้ยงในกรงเดียวกันไม่ได้ เพราะจะกัดกัน หากสายพันธุ์ที่เป็นคู่กัดคือ A-F, F-B, F-E, B-E, E-C, E-D, C-G และ B-G จงหาว่าศูนย์ภูมิศาสตร์ไดย จะต้องใช้กรงอย่างน้อยที่สุดกี่กรง","(1) 1
(2) 2
(3) 3
(4) 4
(5) 5
",(3) 3,True,True,True,Quant
2024,19,หลายคนบอกว่าประกันชีวิตไม่สำคัญ เพราะหลายคนหวังว่าตัวเองจะไม่เป็นอะไร คุณคิดหรือไม่ให้ตัวเองเจ็บป่วย คุณคิดหรือไม่ให้เกิดอุบัติเหตุ และคุณคิดหรือไม่ให้ครอบครัวของคุณได้รับการดีและรอดเมื่อคุณไม่อยู่ในโลกนี้ ถ้าคุณตอบว่าไม่ได้ อะไรคือหลักประกันความมั่นคงของการดำรงชีวิตของคุณ การประกันอันดีควรมาพร้อมการเก็บออมที่มีการวางแผนแต่เนิ่น ๆ การประกันประเภทออมทรัพย์ที่มีระยะเวลาคุ้มครอง 10 ปีขึ้นไป ยังสามารถช่วยลดหย่อนภาษีได้อีกด้วย ข้อใดคือใจความสำคัญของข้อความนี้,"(1) การประกันอนาคตด้วยการฝากเงิน
(2) การประกันอนาคตด้วยการดูแลสุขภาพ
(3) การประกันอนาคตด้วยการทำประกันชีวิต
(4) การประกันอนาคตด้วยการวางแผนการใช้จ่าย
(5) การประกันอนาคตด้วยการลงทุน
",(3) การประกันอนาคตด้วยการทำประกันชีวิต,True,True,True,Quant
2024,20,ความสำคัญของพลาสติกเป็นส่วนสำคัญในการใช้ชีวิตของคนในสมัยนี้ เป็นอย่างมาก พลาสติกเป็นส่วนประกอบของเครื่องมือและเครื่องใช้ที่สำคัญของมนุษย์ตั้งแต่เชื่อมต่อไปจนถึงปัจจุบัน มนุษย์ได้พัฒนาเทคโนโลยีของพลาสติกเพื่อใช้ประโยชน์ แต่มนุษย์ยังไม่สามารถพัฒนาการจัดการกับขยะพลาสติกที่ส่งผลกระทบต่อสิ่งแวดล้อมให้น้อยที่สุดได้เลย ข้อความนี้สรุปใจความอย่างไร,"(1) มนุษย์มีปัญหาในการใช้พลาสติก
(2) มนุษย์ทุกคนล้วนต้องใช้พลาสติก
(3) พลาสติกมีประโยชน์และความเสียหายสำหรับมนุษย์
(4) พลาสติกทำให้เกิดปัญหาต่อสิ่งแวดล้อม
(5) มนุษย์ต้องใช้เครื่องมือจากพลาสติก
",(4) พลาสติกทำให้เกิดปัญหาต่อสิ่งแวดล้อม,True,True,True,Quant
2024,21,ความสำคัญของพลาสติกเป็นส่วนสำคัญในการใช้ชีวิตของคนในสมัยนี้ เป็นอย่างมาก พลาสติกเป็นส่วนประกอบของเครื่องมือและเครื่องใช้ที่สำคัญของมนุษย์ตั้งแต่เชื่อมต่อไปจนถึงปัจจุบัน มนุษย์ได้พัฒนาเทคโนโลยีของพลาสติกเพื่อใช้ประโยชน์ แต่มนุษย์ยังไม่สามารถพัฒนาการจัดการกับขยะพลาสติกที่ส่งผลกระทบต่อสิ่งแวดล้อมให้น้อยที่สุดได้เลย ปัญหาสำคัญของมนุษย์เกี่ยวกับพลาสติกคืออะไร,"(1) การกำจัดขยะพลาสติก
(2) การพัฒนาคุณสมบัติของพลาสติก
(3) การพัฒนาเทคโนโลยีในการผลิตพลาสติก
(4) พลาสติกเป็นองค์ประกอบสำคัญในชีวิตมนุษย์มากเกินไป
(5) การใช้พลาสติกอย่างเหมาะสม
",(1) การกำจัดขยะพลาสติก,True,True,True,Quant
2024,22,แมลงบางชนิดในที่ที่มีการพ่นยาฆ่าแมลงจำนวนมากสร้างความต้านทานต่อฤทธิ์ยาได้มากกว่าแมลงในที่ที่ไม่เคยพ่นยาฆ่าแมลงเลยเพราะแมลงเคยชินต่อฤทธิ์ยามีความทนต่อยาหรือดื้อยานั่นเอง ความต้านทานทางพันธุกรรมเกิดขึ้นได้จากหลายสาเหตุ เช่น พิษยาอาจซึมซาบเข้าไปในร่างกายแมลงได้ลง ระบบสืบราวิทยาของแมลงสร้างพิษของยาในรูปที่ไม่สามารถแสดงฤทธิ์ก็เป็นได้ ดังนั้นแมลงที่รอดตายหลังจากถูกกำจัดด้วยยาฆ่าแมลงก็คือแมลงที่มีความสามารถทนทานเป็นพิเศษต่อยาฆ่าแมลงดังกล่าวมาแล้วข้างต้นนั่นเอง ข้อสรุปใดต่อไปนี้ สอดคล้องกับข้อความข้างต้นอย่างสมเหตุสมผลที่สุด,"(1) แมลงสามารถรับมือได้กับความต้านทานที่มีต่อฤทธิ์ยามีดีจะมีความสามารถทนทานเป็นพิเศษต่อยากันแมลงได้
(2) แมลงเคยชินต่อฤทธิ์ยามีความทนต่อยาหรือดื้อยาจะเป็นแมลงบางท้องที่
(3) แมลงเคยชินต่อฤทธิ์ยามีความทนต่อยาหรือดื้อยาต่อพิษยาซึ่งอาจจะซึมซับเข้าไปในระบบทางของแมลงนั้นได้ช้าลง
(4) แมลงสามารถรับมือได้กับความต้านทานที่มีต่อฤทธิ์ยามีดีจะมีความสามารถทนทานเป็นพิเศษต่อยาฆ่าแมลงได้ไม่ดี
(5) พิษยาจะซึมซับเข้าไปในระบบทางแมลงได้ช้าลง
",(3) แมลงเคยชินต่อฤทธิ์ยามีความทนต่อยาหรือดื้อยาต่อพิษยาซึ่งอาจจะซึมซับเข้าไปในระบบทางของแมลงนั้นได้ช้าลง,True,True,True,Quant
2024,23,กรกชมีเงิน 85 บาท ถ้าให้ขจรไป 15 บาท เขาจะมีเงินเป็น 1/3 ของขจร ถ้าเดิมขจรมีเงินน้อยกว่าคิมหันต์ 100 บาท จงหาว่าเดิมกรกชมีเงินน้อยกว่าคิมหันต์กี่บาท,"(1) 295
(2) 285
(3) 250
(4) 210
(5) 195
",(4) 210,True,True,True,Quant
2024,24,ในงานเลี้ยงแห่งหนึ่ง มีแขกชายและหญิงมาร่วมงานหลายท่าน ถ้าผู้หญิงกลับไป 15 คน จะมีจำนวนผู้ชายเป็นสองเท่าของผู้หญิง หลังจากนั้นผู้ชายกลับไป 25 คน จะมีจำนวนผู้หญิงเป็นสามเท่าของจำนวนผู้ชาย ในงานเลี้ยงแห่งนี้มีผู้หญิงมาร่วมงานทั้งหมดกี่คน,"(1) 30
(2) 40
(3) 45
(4) 50
(5) 60
",(1) 30,True,True,True,Quant
2024,25,"ปี พ.ศ. 2564 ม่วงและฟ้า แต่ละคนได้รับเงินเดือนทั้งปี 354,000 บาท เหลืองและแดงได้รับเงินเดือนทั้งปี 282,000 บาท ส้ม เขียว น้ำเงินและชมพู ได้รับเงินเดือนทั้งปี 420,000 บาท ต่อมาปี พ.ศ. 2565 ทุกคนได้รับเงินเดือนเพิ่มอีก 10% ยกเว้น ฟ้าได้ 15% ส้มและม่วงทำผลงานดีมากจึงได้โบนัสเพิ่มอีกเท่ากับเงินเดือนของปี พ.ศ. 2564 1 เดือน จงหาว่าปี พ.ศ. 2565 บริษัทต้องจ่ายเงินให้พนักงานเพิ่มจากปี พ.ศ. 2564 ประมาณกี่เปอร์เซ็นต์","(1) 5
(2) 8
(3) 13
(4) 18
(5) 20
",(3) 13,True,True,True,Quant
2024,26,นาย A ทาสีบ้าน 1 หลังใช้เวลา 7 ชั่วโมง นาย B ทาสีบ้านแบบเดียวกันใช้เวลา 9 ชั่วโมง ถ้าทั้งสองคนช่วยกันทาสีไปแล้วเป็นเวลา 3 ชั่วโมง หลังจากนั้น นาย B ปล่อยให้นาย A ทาสีบ้านต่อคนเดียว แล้วนาย A ต้องทาสีบ้านอีกนานเท่าใดจึงจะเสร็จสมบูรณ์,"(1) 1 ชั่วโมง 20 นาที
(2) 1 ชั่วโมง 40 นาที
(3) 2 ชั่วโมง 20 นาที
(4) 2 ชั่วโมง 40 นาที
(5) 3 ชั่วโมง 20 นาที
",(2) 1 ชั่วโมง 40 นาที,True,True,True,Quant
2024,27,เด็ก 3 คน กับผู้ใหญ่ 4 คนสร้างกระท่อมเสร็จใน 3 วัน เด็ก 2 คน กับผู้ใหญ่ 5 คน จะสร้างกระท่อมนี้เสร็จใน 4 วัน ถ้าให้เด็ก 3 คน จะสร้างกระท่อมเสร็จในเวลากี่วัน:,"(1) 2 วัน 4 ชั่วโมง
(2) 3 วัน 20 ชั่วโมง
(3) 4 วัน 16 ชั่วโมง
(4) 5 วัน 8 ชั่วโมง
(5) 3 วัน 12 ชั่วโมง
",(5) 3 วัน 12 ชั่วโมง,True,True,True,Quant
2024,28,ถไฟขบวนหนึ่งแล่นด้วยความเร็ว 70 กิโลเมตรต่อชั่วโมง ผ่านชายคนหนึ่งที่กำลังเดินสวนทางกับรถไฟ ด้วยความเร็ว 2 กิโลเมตรต่อชั่วโมง ปรากฏว่ารถไฟแล่นผ่านชายคนนี้ในเวลา 10 วินาที อยากทราบว่ารถไฟขบวนนี้ยาวกี่เมตร,"(1) 100 เมตร
(2) 200 เมตร
(3) 300 เมตร
(4) 400 เมตร
(5) 500 เมตร
",(2) 200 เมตร,True,True,True,Quant
2024,29,รถไฟขบวนหนึ่งหากแล่นช้ากว่าปกติ 5 กิโลเมตรต่อชั่วโมง ในระยะทาง 90 กิโลเมตร จะใช้เวลามากกว่าปกติ 15 นาที อยากทราบว่าความเร็วปกติของรถไฟเป็นเท่าใดในหน่วยกิโลเมตรต่อชั่วโมง:,"(1) 40 กม./ชม.
(2) 45 กม./ชม.
(3) 48 กม./ชม.
(4) 50 กม./ชม.
(5) 55 กม./ชม.
",(2) 45 กม./ชม.,True,True,True,Quant
2024,30,ในการสำรวจความนิยมเกี่ยวกับเพลงโดยสอบถามจากนักเรียนโรงเรียนหนึ่งจำนวน 300 คน พบว่าแต่ละคนชอบเพลงลูกทุ่ง เพลงลูกกรุง หรือเพลงไทยเดิมอย่างน้อยหนึ่งประเภท ปรากฏว่า 120 คน ชอบเพลงลูกทุ่ง 70 คน ชอบเพลงลูกกรุงอย่างเดียว 80 คน ชอบเพลงไทยเดิมอย่างเดียว 45 คน ชอบทั้งเพลงลูกกรุงและเพลงไทยเดิม 30 คน ชอบทั้งเพลงลูกทุ่งและเพลงลูกกรุง แต่ไม่ชอบเพลงไทยเดิม 50 คน ไม่ชอบเพลงไทยเดิมและไม่ชอบเพลงลูกกรุง จะมีคนชอบทั้งเพลงลูกทุ่งและเพลงไทยเดิมแต่ไม่ชอบเพลงลูกกรุงกี่คน,"(1) 25 คน
(2) 15 คน
(3) 45 คน
(4) 5 คน
(5) 22 คน
",(1) 25 คน,True,True,True,Quant
2024,31,หมู่บ้านแห่งหนึ่งมีครอบครัวทั้งหมด 800 ครอบครัว ประกอบอาชีพค้าขายอย่างเดียว 10 ครอบครัว นอกนั้นทาสวนเงาะ มังคุด ทุเรียน จากการสำรวจเฉพาะชาวสวนพบว่ามีครอบครัวที่ปลูกผลไม้ตั้งแต่ 2 ชนิดขึ้นไป 110 ครอบครัว ปลูกเงาะและมังคุด 70 ครอบครัว ปลูกเงาะและทุเรียน 60 ครอบครัว ปลูกมังคุดและทุเรียน 50 ครอบครัว ไม่ปลูกมังคุดเลย 290 ครอบครัว จงหาว่ามีกี่ครอบครัวที่ปลูกแต่มังคุดเพียงอย่างเดียวเท่านั้น:,"(1) 370 ครอบครัว
(2) 400 ครอบครัว
(3) 415 ครอบครัว
(4) 423 ครอบครัว
(5) 440 ครอบครัว
",(3) 415 ครอบครัว,True,True,True,Quant
2024,32,A และ B เล่มเกมพนันชนิดหนึ่ง โดย A และ B โยนลูกเต๋าคนละลูกพร้อมกัน ถ้าแต้มรวมกันได้ 8 แล้ว A จะเป็นผู้ชนะ แต่ถ้าแต้มรวมกันได้ 7 แล้ว B จะเป็นผู้ชนะ ผลนอกจากนี้ถือว่าเสมอกัน ถ้า A และ B เล่นกัน 36 ครั้ง คาดว่าจะเสมอกันกี่ครั้ง:,"(1) 11 ครั้ง
(2) 15 ครั้ง
(3) 18 ครั้ง
(4) 20 ครั้ง
(5) 25 ครั้ง
",(5) 25 ครั้ง,True,True,True,Quant
2024,33,สลาก 11 ใบ มีหลายเลข 1 ถึง 11 กับอยู่ใบละ 1 หมายเลข สุ่มหยิบสลากมา 4 ใบ ความน่าจะเป็นที่สลากที่หยิบมามีผลคูณของหมายเลขเป็นจำนวนคู่ แต่ผลบวกของหมายเลขเป็นจำนวนคี่ มีค่าเท่าใด:,"(1) 0.30
(2) 0.36
(3) 0.42
(4) 0.48
(5) 0.54
",(4) 0.48,True,True,True,Quant
2024,34,รูปสี่เหลี่ยมผืนผ้ารูปหนึ่งมีเส้นทแยงมุมยาว 10 เซนติเมตร และเส้นรอบรูปยาว 28 เซนติเมตร จงหาพื้นที่ของรูปสี่เหลี่ยมผืนผ้านี้ในหน่วยตารางเซนติเมตร:,"(1) 40 ตร.ซม.
(2) 42 ตร.ซม.
(3) 44 ตร.ซม.
(4) 46 ตร.ซม.
(5) 48 ตร.ซม.
",(5) 48 ตร.ซม.,True,True,True,Quant
2024,35,ผสมกาแฟสองชนิดราคากิโลกรัมละ 32 บาท และ 25 บาทตามลำดับ โดยผสมในอัตราส่วน 3:4 อยากทราบว่าต้องขายกาแฟผสมนี้กิโลกรัมละกี่บาท จึงจะได้กำไร 25%:,"(1) 30 บาท
(2) 32 บาท
(3) 34 บาท
(4) 35 บาท
(5) 38 บาท
",(4) 35 บาท,True,True,True,Quant
2024,36,"กำหนดให้ x, y, และ z เป็นจำนวนเต็มคี่ที่เรียงต่อกันโดยที่ x < y < z ถ้าผลบวกของ x, y, และ z น้อยกว่า 57 แล้วผลบวกของจำนวนทั้งสามดังกล่าวมีค่ามากที่สุดคือข้อใด:","(1) 55
(2) 53
(3) 51
(4) 49
(5) 47
",(3) 51,True,True,True,Quant
2024,37,ในขณะที่เมนเดลค้นคว้าอยู่นั้น นักชีววิทยากลุ่มหนึ่งที่ใช้กล้องจุลทรรศน์เป็นเครื่องค้นคว้า ได้พบรายละเอียดของเซลล์มากขึ้น จนกระทั่ง พ.ศ. 2432 นักชีววิทยาจึงสามารถเห็นรายละเอียดภายในนิวเคลียส ขณะที่มีการแบ่งเซลล์ ได้พบว่าภายในนิวเคลียส มีโครงสร้างที่ติดสีได้และมีลักษณะเป็นเส้นใย เรียกว่าโครโมโซม ข้อความข้างต้นกล่าวถึงเรื่องใด:,"(1) การใช้กล้องจุลทรรศน์
(2) การวิจัยโครโมโซม
(3) การค้นพบนิวเคลียส
(4) การวิจัยนิวเคลียส
(5) การค้นพบโครโมโซม
",(5) การค้นพบโครโมโซม,True,True,True,Quant
2024,38,ความเผ็ดของพริกเกิดจากสารแคปไซซินที่เกาะอยู่ตามบริเวณเมล็ดพริก ซึ่งสารแคปไซซินจะละลายในน้ำได้น้อย แต่ละลายได้ดีในไขมันและแอลกอฮอล์ หากต้องการลดความเผ็ดของอาหารในปากให้รับประทานอาหารที่มีไขมันหรือเครื่องดื่มที่มีแอลกอฮอล์ผสมอยู่ เพราะการดื่มน้ำเปล่าจะช่วยลดเพียงอาการแสบร้อนเท่านั้น ซึ่งระดับความเผ็ดของพริกจะแตกต่างกันออกไปตามชนิดของพริก บทความนี้กล่าวถึงเรื่องใดเป็นสำคัญ:,"(1) น้ำเปล่าช่วยให้หายเผ็ด
(2) ความเผ็ดของพริกเกิดจากสารแคปไซซิน
(3) การละลายของสารแคปไซซิน
(4) ให้ดื่มเครื่องดื่มที่มีแอลกอฮอล์ช่วยลดอาการเผ็ด
(5) สารแคปไซซินอยู่บริเวณเมล็ดพริก
",(3) การละลายของสารแคปไซซิน,True,True,True,Quant
2024,39,นางสมรทำงานในโรงงานแห่งหนึ่ง มีหัวหน้าที่ไม่ยุติธรรม ถ้าวันไหนทำงานเกินเวลาก็ไม่ให้เงินเพิ่ม แต่หากวันไหนมาสายจะหักเงินเดือน นางสมรตั้งใจไปทำงานสม่ำเสมอ แต่ต้องเลี้ยงลูกด้วย จึงทำให้ไปทำงานสายเป็นบางครั้ง นางสมรจึงถูกหักเงินเดือนไปหลายรอบ ทำให้ไม่พอใช้จ่ายแต่สิ้นเดือนเจ้านายจ่ายเงินเดือนผิด โดยให้เงินเดือนเกินไปเท่าตัว และก็พบว่าสมรควร ซึ่งเป็นเพื่อนร่วมงานก็ได้รับเงินเกินเช่นกัน สมรควรทำอย่างไร เราควรยึดถือเรื่องใดมากที่สุด:,"(1) การที่เราเอาเงินไปคืน จะทำให้เจ้านายกลับตัวเป็นคนดีได้หรือ
(2) จำนวนเงินที่ได้รับเพิ่มมาก็ยุติธรรมกับงานที่เคยตั้งใจทำไปทั้งหมดหรือ
(3) จำนวนเงินที่ได้เพิ่มมาจะมีค่ามากกว่าความซื่อสัตย์ในการทำงานหรือ
(4) หากท่านคืนเงินไปก็จะเป็นผลให้สมรต้องเอาเงินไปคืนด้วย
(5) มันคุ้มค่าหรือไม่ ถ้าเจ้านายทราบแล้วถูกไล่ออกภายหลัง
",(5) มันคุ้มค่าหรือไม่ ถ้าเจ้านายทราบแล้วถูกไล่ออกภายหลัง,True,True,True,Ethics
2024,40,เด็กชายชัยถูกเลี้ยงดูมาโดยป้า เนื่องจากพ่อแม่แยกทางกัน ป้าเลี้ยงเด็กชายชัยมาอย่างตามใจ ชัยจึงโตมาเป็นเด็กที่รักสบายและฟุ่มเฟือย ชัยทาร้ายป้าหลายครั้งเมื่อขอเงินป้าแล้วไม่ได้เงิน ล่าสุดชัยลาออกจากมหาวิทยาลัยเพราะเข้ากับเพื่อนไม่ได้ ชัยต้องการไปเรียนต่อต่างประเทศแต่ป้าไม่ส่งเงิน ชัยขู่จะฆ่าตัวตาย ป้าจะตัดสินใจอย่างไร:,"(1) ชัยขู่จะฆ่าตัวตายเพราะต้องการให้ป้าตามใจใช่หรือไม่
(2) จะดีจะชั่วอยู่ที่ตัวทามิใช่หรือ
(3) หากชัยตายไปจริงนั้น เป็นความผิดของป้าใช่หรือไม่
(4) ที่ชัยต้องเป็นคนแบบนี้เพราะป้าใช่หรือไม่
(5) เหตุการณ์เหล่านี้จะไม่เกิดขึ้น หากป้าไม่รับชัยมาเลี้ยงตั้งแต่แรกใช่หรือไม่
",(1) ชัยขู่จะฆ่าตัวตายเพราะต้องการให้ป้าตามใจใช่หรือไม่,True,True,True,Ethics
2024,41,หากท่านไปงานกาชาดประจำปี แล้วเจอเด็กหญิงพลัดหลงจากผู้ปกครอง ท่านจะช่วยอย่างไร:,"(1) ดูชื่อที่อยู่ผู้ปกครองของเด็กที่ติดตัวเด็กมาแล้วพาไปส่งยังที่อยู่นั้น
(2) นำเด็กไปส่งประชาสัมพันธ์ของงานเพื่อประกาศตามหาผู้ปกครอง แล้วนั่งรอเป็นเพื่อนเด็กจน ผู้ปกครองเด็กมา
(3) นำไปส่งตำรวจเพื่อจัดการต่อ
(4) นำไปส่งพนักงานรักษาความปลอดภัย
(5) เดินผ่านและปล่อยไปเพราะไม่ใช่เรื่องของเรา
",(2) นำเด็กไปส่งประชาสัมพันธ์ของงานเพื่อประกาศตามหาผู้ปกครอง แล้วนั่งรอเป็นเพื่อนเด็กจน ผู้ปกครองเด็กมา,True,True,True,Ethics
2024,42,นายจ๊อบเป็นคนงานก่อสร้าง ในขณะพักเที่ยง นายจ๊อบกำลังเดินไปรับประทานอาหาร ระหว่างที่นายจ๊อบกำลังเดินไปรับประทานอาหารนั้น ก็บังเอิญไปพบนางสาวอ้อกำลังปีนบันไดขึ้นไปหยิบของบนที่สูงเพียงลำพัง หากท่านเป็นนายจ๊อบ ท่านจะทำอย่างไร:,"(1) ไม่ทำอะไร ทำเป็นมองไม่เห็นแล้วเดินผ่านไป
(2) อาสาเป็นคนจับบันไดให้นางสาวอ้อ
(3) เรียกคนงานชายคนอื่นขึ้นไปหยิบของแทนนางสาวอ้อ
(4) บอกนางสาวอ้อว่า ให้ปีนบันไดลงมา เดี๋ยวตนเองจะขึ้นไปหยิบของให้เอง
(5) หยุดยืนดูและรอจนกว่านางสาวอ้อ จะลงมาอย่างปลอดภัย
",(4) บอกนางสาวอ้อว่า ให้ปีนบันไดลงมา เดี๋ยวตนเองจะขึ้นไปหยิบของให้เอง,True,True,True,Ethics
2024,43,หากในวันนี้เป็นวันเกิดของคุณพ่อหรือคุณแม่ของท่าน ท่านจะปฏิบัติอย่างไร:,"(1) พาท่านไปรับประทานอาหารราคาแพงๆ ให้สมกับที่ท่านเลี้ยงดูเรามา
(2) ซื้อของขวัญให้ตามที่ท่านอยากได้
(3) อยู่กับท่าน และปรนนิบัติท่านด้วยความรัก
(4) เฉยๆ ไม่ทำอะไร เพราะเป็นวันปกติวันหนึ่ง
(5) ซื้อเค้กมาให้ท่านเป็นที่ประทับใจ ท่านจะได้ดีใจที่อย่างน้อยก็มีโอกาสได้เป็นที่ประทับใจกับลูกๆ
",(3) อยู่กับท่าน และปรนนิบัติท่านด้วยความรัก,True,True,True,Ethics
2024,44,น้องชบาถูกแฟนหนุ่มบอกเลิกเนื่องจากทนกลิ่นตัวและกลิ่นปากของน้องชบาไม่ได้ ด้วยความเสียใจ ท่านให้น้องชบาไปผูกคอตายใต้ต้นทุเรียน หากท่านเป็นเพื่อนสนิทของน้องชบา ท่านคิดเห็นอย่างไร:,"(1) แฟนหนุ่มของน้องชบาเป็นต้นเหตุของเรื่องทั้งหมด
(2) ควรวางเฉย เพราะสัตว์โลกย่อมเป็นไปตามกรรม
(3) กรรมใดใครก่อ กรรมนั้นย่อมถึงตัว
(4) ขอให้น้องชบาจากโลกนี้ไปอย่างสงบ
(5) ขอให้ชาติหน้าเกิดมาเป็นเพื่อนกันอีก
",(5) ขอให้ชาติหน้าเกิดมาเป็นเพื่อนกันอีก,True,True,True,Ethics
2024,45,นางนกยูงซึ่งเป็นเพื่อนของท่านมีเรื่องไม่สบายใจ จึงมาขอคำปรึกษาปัญหากับท่าน ท่านควรทำอย่างไร:,"(1) บอกเพื่อนให้ไปไหว้พระ สวดมนต์ทำใจให้สบาย
(2) พูดแต่สิ่งดีๆ ให้เพื่อนสบายใจ
(3) ให้คำปรึกษาด้วยความจริงใจ
(4) เสนอทางออกที่ท่านคิดว่าถูกต้อง
(5) ให้คำแนะนำอย่างเต็มที่ และย้อนถามให้เพื่อนหาคำตอบด้วยตนเอง
",(3) ให้คำปรึกษาด้วยความจริงใจ,True,True,True,Ethics
2024,46,นางสาวแจงเป็นเด็กประพฤติดีมาตลอด วันนี้เป็นวันเกิดเพื่อนชายของแจง ซึ่งเธอได้รับชวนไปงานเลี้ยงที่บ้านของเพื่อนชาย แต่ถ้า นางสาวแจง ขอพ่อแม่ก็จะไม่ให้ไป แต่ถ้าบอกว่าไปติวเรียนพิเศษ พ่อแม่จะเชื่อและให้ไปอย่างไม่สงสัย ประเด็นใดที่ทำให้นางสาวแจง ควรพิจารณาในการตัดสินใจ,"(1) ควรไปเพราะวันเกิดเพื่อนไม่เสียหายอะไร
(2) ความถูกต้องและความรู้สึกควรถูกต้องตามหลักสุจริต
(3) บอกความจริงเป็นสิ่งที่ถูกต้องและมีความซื่อสัตย์
(4) ถ้าโกหกและถูกจับได้ คราวต่อไปพ่อแม่จะเสียความเชื่อถือ
(5) ความเสี่ยงที่เกิดขึ้นหากไปอาจมีมูลค่ามากกว่าการโกหก
",(5) ความเสี่ยงที่เกิดขึ้นหากไปอาจมีมูลค่ามากกว่าการโกหก,True,True,True,Ethics
2024,47,คนไทยส่งลูกหลานเข้าเรียนในโรงเรียนและมหาวิทยาลัย หาใช่เพราะใคร่จะเห็นความเจริญทางความคิดหรือจิตใจ แต่ใคร่จะให้ได้ปริญญาบัตรที่เป็นใบเบิกทางเข้าสู่อาชีพที่จะนำความสะดวกสบายมาให้อย่างรวดเร็ว ท่านมีความคิดเห็นอย่างไรต่อข้อความข้างต้น,"(1) เห็นด้วย เพราะสังคมส่วนใหญ่เป็นแบบนี้
(2) เห็นด้วย เพราะคนเราเกิดมาย่อมแสวงหาความสะดวกสบาย
(3) ไม่เห็นด้วย เพราะการศึกษาควรมีส่วนในการพัฒนาทั้งความคิดและจิตใจ
(4) ไม่เห็นด้วย เพราะการศึกษาย่อมฝึกอบรมจิตใจได้ดีกว่าครอบครัว
(5) ไม่เห็นด้วย เพราะมนุษย์ควรเจริญทั้งความคิดและจิตใจ
",(3) ไม่เห็นด้วย เพราะการศึกษาควรมีส่วนในการพัฒนาทั้งความคิดและจิตใจ,True,True,True,Ethics
2024,48,ในการแข่งขันฟุตบอลชิงถ้วยรางวัลประจำปีระหว่างทีมปราสาทสายฝนและทีมกิเลนทระนง นักเตะทีมปราสาทสายฝนถูกทำให้ล้มลงหลายครั้งและได้รับลูกโทษที่จุดโทษทุกครั้งด้วย ในขณะที่ทีมกิเลนทระนงถูกกระทำให้ล้มลงบ่อยครั้งเช่นกัน แต่กลับไม่ได้รับลูกโทษจากผู้ตัดสินเลย ซึ่งการกระทำนี้ดูเหมือนการทำฟาวล์ นักเตะและเจ้าหน้าที่ของทีมกิเลนทระนงไม่พอใจผู้ตัดสินอย่างมาก จึงพากันประท้วงผู้ตัดสินและพากันออกจากสนามก่อนที่การแข่งขันจะจบ ท่านคิดเห็นอย่างไรกับการกระทำของทีมกิเลนทระนง,"(1) ถูกต้อง เพราะไม่มีความจำเป็นต้องทนกับความอยุติธรรม
(2) ถูกต้อง เพราะผู้ตัดสินจะได้สำนึกตัว
(3) ไม่ถูกต้อง เพราะไม่มีน้ำใจนักกีฬา
(4) ไม่ถูกต้อง เพราะนักกีฬาต้องเคารพคำตัดสินของผู้ตัดสิน
(5) ไม่ถูกต้อง เพราะเป็นการผิดกฎหมายคุ้มครองผู้บริโภคที่คุ้มครองผู้ซื้อตั๋วเข้าชม
",(4) ไม่ถูกต้อง เพราะนักกีฬาต้องเคารพคำตัดสินของผู้ตัดสิน,True,True,True,Ethics
2024,49,ด.ช.เอ๋ มีอาการไม่สบาย เมื่อผู้ปกครองพาไปพบแพทย์ แพทย์ให้ยาแล้วอนุญาตให้กลับบ้านได้ โดยบอกว่าเป็นไข้หวัดธรรมดา แต่ผู้ปกครองขอให้แพทย์รับ ด.ช.เอ๋ นอนโรงพยาบาล เนื่องจาก ด.ช.เอ๋ มีประกัน แต่จะได้รับเงินประกันก็ต่อเมื่อนอนโรงพยาบาล หากท่านเป็นแพทย์ผู้รักษา ท่านจะตอบผู้ปกครองว่าอย่างไร,"(1) ให้ ด.ช.เอ๋ นอนโรงพยาบาล เพราะไม่อยากขัดใจผู้ปกครองเด็ก
(2) ปฏิเสธ แล้วชี้แจงให้ผู้ปกครองเข้าใจว่าไม่ควรทำอย่างนี้
(3) เฉย ๆ ไม่พูดอะไร แล้วบอกให้ผู้ปกครองรอรับยาแล้วกลับบ้านได้
(4) ให้ ด.ช.เอ๋ นอนโรงพยาบาล ถ้ามีเตียงว่าง
(5) ปฏิเสธ บอกว่าเตียงเต็ม
",(2) ปฏิเสธ แล้วชี้แจงให้ผู้ปกครองเข้าใจว่าไม่ควรทำอย่างนี้,True,True,True,Ethics
2024,50,นายตู่มีอาการแปลก ๆ บิดาจึงพาไปพบจิตแพทย์ จิตแพทย์ลงความเห็นว่ามีอาการทางประสาท ด้วยความกลัวที่บุตรชายจะเสียประวัติ บิดาจึงขอร้องให้จิตแพทย์เขียนประวัติคนไข้ในใบประวัติของตนเอง หากท่านเป็นจิตแพทย์ผู้ทำการรักษาจะปฏิบัติอย่างไร,"(1) ยอมเขียนในใบประวัติพ่อ เพราะเห็นแก่ความรักที่พ่อมีต่อลูก
(2) เขียนตามความจริง พร้อมบอกว่าจะช่วยรักษาอย่างเต็มที่
(3) สงสารจึงไม่เขียนทั้งใบประวัติพ่อและใบประวัติลูก
(4) เขียนในใบประวัติลูก แต่บิดเบือนความจริงเล็กน้อย
(5) เขียนลงในประวัติทั้งพ่อและลูก
",(2) เขียนตามความจริง พร้อมบอกว่าจะช่วยรักษาอย่างเต็มที่,True,True,True,Ethics
2024,51,ขณะที่ท่านกำลังขับรถ ท่านเห็นรถวิ่งตามช่องจราจรด้านซ้ายแล้วเปลี่ยนช่องจราจรมาด้านขวาอย่างรวดเร็วเพื่อกลับรถกะทันหัน ท่านคิดเห็นอย่างไร,"(1) น่าจะวิ่งตรงไปก่อน แล้วค่อย ๆ เปลี่ยนช่องจราจรหาทางกลับรถด้านหน้า
(2) ควรหยุดรอแล้วให้สัญญาณไฟเลี้ยว เพื่อให้ช่องจราจรอื่นรู้ตัว
(3) เป็นสิทธิของคนขับ ในเมื่อไม่ทำอันตรายให้ใครก็ไม่เป็นไร
(4) ไม่มีความเห็น เพราะเห็นเหตุการณ์ทำนองนี้บ่อยแล้ว
(5) เมืองไทยก็อย่างนี้แหละ
",(2) ควรหยุดรอแล้วให้สัญญาณไฟเลี้ยว เพื่อให้ช่องจราจรอื่นรู้ตัว,True,True,True,Ethics
2024,52,ขณะที่รถของท่านจอดติดไฟแดง เด็กชายตัวเล็ก ๆ หิ้วพวงมาลัยมาขายโดยที่บอกท่านว่า เขาหิวมากไม่มีอะไรตกถึงท้องมาหลายวันแล้ว ท่านมีเศษเงินติดตัวอยู่เล็กน้อย ท่านจะทำอย่างไร,"(1) ให้เงินเด็กไปซื้อข้าวกิน
(2) ซื้อพวงมาลัยเด็ก 1 พวง
(3) พิจารณาเงินที่พกมาแล้วค่อยคิด
(4) หยิบขนมหลังรถให้เด็ก
(5) เมินเฉย ไม่สนใจ
",(3) พิจารณาเงินที่พกมาแล้วค่อยคิด,True,True,True,Ethics
2024,53,นักศึกษาที่แต่งกายชุดนักศึกษาตามแฟชั่น ท่านมีทัศนคติแง่บวกอย่างไร,"(1) เป็นคนที่ตามกระแส ไม่ล้าสมัย
(2) เป็นสิทธิของเขา ไม่เกี่ยวกับเรา
(3) มีความคิดสร้างสรรค์ นำแฟชั่นมาประยุกต์กับชุดนักศึกษา
(4) ดูดี ถ้าการแต่งกายเข้ากับรูปร่างก็เหมาะสมดี
(5) ไม่ดีแย่ เป็นสิ่งที่ไม่สมควรทำ
",(3) มีความคิดสร้างสรรค์ นำแฟชั่นมาประยุกต์กับชุดนักศึกษา,True,True,True,Ethics
2024,54,นักการเมืองคนหนึ่งมีความสามารถมาก เมื่อเข้ามาบริหารประเทศปรากฏว่าเศรษฐกิจเจริญรุ่งเรืองมีเทคโนโลยีต่าง ๆ เกิดขึ้นมากมาย แต่ภายหลังพบว่าเบื้องหลังนักการเมืองคนนี้โกงกินคอร์รัปชันต่าง ๆ มาก ประเด็นสำคัญที่ควรคิดคือข้อใด,"(1) หากสร้างประโยชน์ให้ประเทศก็สามารถหักกลบการโกงกินได้
(2) กดดันให้ทำงานหนักและเกิดประโยชน์มากขึ้นสมกับที่โกงกิน
(3) คนมีความสามารถดีแบบนี้โกงไปเพื่ออะไร
(4) นักการเมืองประเทศไหน ๆ ก็โกงกันทั้งนั้น โกงกันทุกคน เป็นเรื่องปกติ
(5) ความสามารถหรือความซื่อสัตย์กันแน่ที่เราควรพิจารณา
",(5) ความสามารถหรือความซื่อสัตย์กันแน่ที่เราควรพิจารณา,True,True,True,Ethics
2024,55,ขณะถอยรถเข้าจอด ท่านถอยรถไปชนรถคันหนึ่ง เมื่อท่านลงมาดูพบว่ารถคันนั้นมีรอยบุบและถลอกทั่วคัน อยู่แล้ว ส่วนรอยที่ท่านชนเป็นเพียงรอยขีดข่วนและบริเวณนั้นไม่มีใครอยู่เลย ท่านจะทำอย่างไร,"(1) ขับออกไปเลย ไม่มีใครเห็น
(2) รอเจ้าของรถเพื่อเจรจาค่าเสียหาย
(3) แจ้ง รปภ. เพื่อดำเนินการตามกฎหมาย
(4) เขียนเบอร์โทรไว้แล้วขับไป
(5) จดทะเบียนรถไว้เพื่อติดต่อกลับภายหลัง
",(2) รอเจ้าของรถเพื่อเจรจาค่าเสียหาย,True,True,True,Ethics
2024,56,ในเวลาพักกลางวันที่อากาศร้อนมาก ๆ คุณเดินออกไปเจอเด็กอยู่ในรถไม่ติดเครื่องปิดกระจกอยู่ ท่านจะทำอย่างไร,"(1) ทุบกระจกทันทีเพื่อความปลอดภัย ถ้าไม่มีใครอยู่
(2) ไปตาม รปภ. เพื่อหาคนรับผิดชอบ
(3) ยืนปลอบเด็กกว่าเด็กจะหยุดร้องไห้รอผู้ปกครอง
(4) รีบไปทำธุระให้เสร็จแล้วค่อยกลับมาดูเด็กต่อ
(5) หาคนอื่นมาเฝ้าแล้วตัวเองไปทำธุระ
",(2) ไปตาม รปภ. เพื่อหาคนรับผิดชอบ,True,True,True,Ethics
2024,57,ขณะนาย A สอบอยู่ นาย B มาสาย 20 นาที ซึ่งหมดเวลาในการอนุญาตให้เข้าห้องสอบแล้วแต่อาจารย์คุมสอบให้นาย B เข้าสอบได้ ผลการสอบออกมาทั้งสองคนได้คะแนนเท่ากัน แต่นาย B มีประวัติสอบแทนคนอื่น อาจารย์เรียก นาย A และนาย B มาคุย นาย A บอกว่าติวหนังสือกับนาย B กรรมการตัดสินให้ทัณฑ์บน ถ้าท่านเป็นคนนอกแล้วรับรู้เหตุการณ์นี้ ท่านมีความคิดเห็นอย่างไรกับเหตุการณ์นี้,"(1) กรรมการตัดสินถูกต้องดีแล้ว
(2) ควรติดตามพฤติกรรมคนที่มาสาย
(3) ไม่ควรให้นาย B สอบตั้งแต่แรกแล้ว
(4) ควรให้โอกาสนาย B ได้เข้าสอบ
(5) นาย A ควรถูกลงโทษ
",(2) ควรติดตามพฤติกรรมคนที่มาสาย,True,True,True,Ethics
2024,58,"นายแพทย์น่านศรีได้จัดทำโครงการ ""สุขภาพดีถ้วนหน้า"" ซึ่งได้ผลดี ประชาชนในท้องถิ่นมีสุขภาพที่ดีขึ้น จากโครงการนี้ ท่านให้ประชาชนคาดว่านายแพทย์น่านศรีจะได้รับเลือกเป็นนายแพทย์ดีเด่นประจำท้องถิ่นแน่นอน แต่ในขณะเดียวกัน นายแพทย์น่านศรีก็ถูกเสนอชื่อให้ไปรับตำแหน่งนายแพทย์สาธารณสุขจังหวัด ถ้านายแพทย์น่านศรีรับตำแหน่งนายแพทย์สาธารณสุข จะรับผิดชอบงานของโครงการ ""สุขภาพดีถ้วนหน้า"" ได้น้อยลง หากท่านเป็นนายแพทย์น่านศรีจะทำอย่างไร","(1) รับตำแหน่งนายแพทย์ดีเด่นก่อนแล้วค่อยไปรับตำแหน่งนายแพทย์สาธารณสุขก็ได้
(2) ความก้าวหน้าของชีวิตกับความสำเร็จของโครงการอะไรสำคัญกว่ากัน
(3) เราควรยึดประโยชน์ของประชาชนเป็นหลักมากกว่าตำแหน่งหน้าที่มิใช่หรือ
(4) โอกาสในชีวิตมีมาครั้งเดียวควรจะรีบคว้าไว้
(5) หากมีตำแหน่งที่สูงขึ้น ก็สามารถผลักดันโครงการให้เป็นที่กว้างขวางมากขึ้นจากโครงการระดับท้องถิ่นอาจกลายเป็นโครงการระดับจังหวัดก็ได้
",(5) หากมีตำแหน่งที่สูงขึ้น ก็สามารถผลักดันโครงการให้เป็นที่กว้างขวางมากขึ้นจากโครงการระดับท้องถิ่นอาจกลายเป็นโครงการระดับจังหวัดก็ได้,True,True,True,Ethics
2024,59,พนักงานในห้อง lab ของทางโรงพยาบาลพาญาติมาพบท่าน โดยขอให้ช่วยลัดคิวให้หน่อย เพราะตนก็ทำ lab ให้ท่านก่อนคนอื่นตลอดมา หากท่านเป็นแพทย์รายนี้ท่านจะทำอย่างไร,"(1) ทำให้ได้ น้ำพึ่งเรื่อ เสือพึ่งป่า
(2) ทำให้ได้ แต่คราวหลังต้องทำให้ผมก่อน ทุกครั้งนะ
(3) ทำให้ได้ แต่คราวหลังไม่ต้องทำให้ผมก่อนนะครับ จะได้ไม่เกิดปัญหานี้อีก
(4) ไม่ทำให้ เนื่องจากผิดกฎ ให้ต่อคิวรอ และให้พนักงานห้อง lab กลับไปทำงาน โดยแจ้งว่าจะเป็นผู้ดูแลญาติให้
(5) นัดมาตรวจทีหลังต่างหาก จะได้ไม่รบกวนคนไข้ท่านอื่น
",(4) ไม่ทำให้ เนื่องจากผิดกฎ ให้ต่อคิวรอ และให้พนักงานห้อง lab กลับไปทำงาน โดยแจ้งว่าจะเป็นผู้ดูแลญาติให้,True,True,True,Ethics
2024,60,อารยาเป็นแม่บ้านมีบุตร 3 คน วันหนึ่งสามีของเธอถูกฆาตกรรม ครอบครัวจึงขาดรายได้ประกอบกับเธอ เป็นคนชอบทำบุญ จึงไม่มีทรัพย์สินเหลือติดตัวมากเท่าใด เวลาผ่านไป ทางธนาคารได้ฟ้องร้องอารยา เพราะเธอไม่ได้ผ่อนบ้านมานานหลายเดือนแล้ว ศาลจึงตัดสินยึดบ้าน และให้ตกเป็นของขายทอดตลาด สมิธเป็นพนักงานบังคับคดี ซึ่งเรียนจบมาได้เพราะทุนการศึกษาที่อารยามอบให้ และถูกสั่งให้ไป ดำเนินการให้อารยาย้ายที่อยู่อาศัยออกไปจากบ้านหลังนั้น สมิธจึงไปบอกให้อารยาย้ายออกมาอยู่กับตน เพื่อเป็นทั้งการทำหน้าที่ให้ลุล่วงและตอบแทนบุญคุณของอารยา แต่หล่อนกลับต้องว่าท่านอย่างรุนแรงว่าท่านเป็นคนเนรคุณ ท่านเป็นสมิธจะทำอย่างไร,"(1) เพิกเฉยต่อคำสั่ง เพื่อทดแทนบุญคุณของอารยา
(2) ดำเนินการตามหน้าที่ให้เต็มความสามารถอย่างเต็มที่
(3) ไกลเกลี่ยกับธนาคารเพื่อให้ชะลอเรื่องวันนี้ไว้ก่อน
(4) ชดใช้หนี้แทน แม้ว่าตนจะฐานะไม่ค่อยดี
(5) ลาออกจากราชการเพื่อจะได้ไม่ต้องเผชิญเรื่องที่เกิดขึ้น
",(3) ไกลเกลี่ยกับธนาคารเพื่อให้ชะลอเรื่องวันนี้ไว้ก่อน,True,True,True,Ethics
2024,61,นายแพทย์กัน มีลูกชายป่วยเป็นโรคมะเร็งระยะสุดท้าย จึงขอทำหน้าที่เพียงแค่รักษาคนไข้ตามปกติ แต่งดงานที่ไปเป็นวิทยากรตามบริษัทยาต่าง ๆ อย่างสิ้นเชิง เพราะต้องการมีเวลาดูแลลูกชายของตนเอง ท่านคิดว่านายแพทย์กันเป็นคนเช่นไร,"(1) เห็นแก่ประโยชน์ส่วนตนมากไป
(2) บกพร่องต่อหน้าที่
(3) ไม่ละโมบเกินไป
(4) มีเหตุผล
(5) รับผิดชอบต่อหน้าที่
",(5) รับผิดชอบต่อหน้าที่,True,True,True,Ethics
2024,62,โจรขโมยของในร้านขายของชา โดยเมื่อโดนจับได้ก็บอกแก่ตำรวจว่าจะรีบเอาเงินไปซื้อข้าวซื้อนมให้ลูกกินและตนทำไปเพราะความจำเป็นจริง ๆ ถ้าท่านเป็นตำรวจ ท่านจะทำอย่างไร,"(1) ดำเนินการตามกฎหมาย
(2) ปล่อยไป เพราะลูกยังไม่ได้กินข้าว
(3) จับกุมตัวแม่ แล้วเอาลูกไปส่งที่สถานสงเคราะห์
(4) เห็นใจ แล้วปล่อยตัวไปและบอกว่าคราวหน้าอย่าทำอีก
(5) พาแม่ไปสถานสงเคราะห์แล้วค่อยจับกุมในภายหลัง
",(3) จับกุมตัวแม่ แล้วเอาลูกไปส่งที่สถานสงเคราะห์,True,True,True,Ethics
2024,63,บริษัทยาไวอากู้ ได้มอบเครื่องตรวจสมรรถภาพทางเพศราคาหลายล้านบาทมาให้ท่าน ซึ่งเป็นแพทย์ไว้ใช้ตรวจคนไข้โดยท่านได้รับในนามของโรงพยาบาลที่ท่านสังกัดอยู่ ข้อใดถูกต้อง,"(1) ไม่สามารถรับได้ เพราะผิดข้อบังคับวิชาชีพแพทย์
(2) ไม่สามารถรับได้ เพราะราคาแพงเกินไป
(3) รับได้ เพราะเกิดประโยชน์แก่งานในการบริการผู้ป่ วย
(4) บริษัทยาไวอากู้อาจจะหวังผลประโยชน์ในอนาคตก็ได้
(5) อาจถูกฟ้องร้องข้อหารับสินบนได้
",(3) รับได้ เพราะเกิดประโยชน์แก่งานในการบริการผู้ป่ วย,True,True,True,Ethics
2024,64,ท่านมีความเห็นอย่างไรต่อแพทย์ที่สั่งยาจากบริษัทที่มักพาแพทย์ไปเที่ยวต่างประเทศ,"(1) เป็นการตอบแทนเล็กน้อยมิใช่หรือ
(2) ถ้ายาดีจริง ก็เป็นสิ่งที่ทำได้มิใช่หรือ
(3) แพทย์คนนี้เห็นแก่ประโยชน์ส่วนตัวใช่หรือไม่
(4) หากแพทย์สั่งยาจากบริษัทนี้อีก เท่ากับว่าแพทย์สนับสนุนการกระทำในสิ่งที่ไม่ถูกต้องใช่หรือไม่
(5) เป็นการกระทำที่ดีต่อศักดิ์ศรีความเป็นแพทย์หรือไม่
",(4) หากแพทย์สั่งยาจากบริษัทนี้อีก เท่ากับว่าแพทย์สนับสนุนการกระทำในสิ่งที่ไม่ถูกต้องใช่หรือไม่,True,True,True,Ethics
2024,65,หากท่านเป็นแพทย์ได้สั่งยาจากบริษัทยาบริษัทหนึ่ง บริษัทนี้ได้นำกระเป๋าบาโลงสิอาโก้ มูลค่ากว่าสามหมื่นบาท มาให้ท่านเป็นของขวัญ ท่านคิดเห็นอย่างไร,"(1) ให้เป็นสินค้าใจ สามารถรับได้
(2) ผิดข้อบังคับวิชาชีพแพทย์ ไม่ควรรับ
(3) เป็นการให้โดยความเสนอหา ไม่สามารถเอาผิดทางกฎหมายได้
(4) เป็นธรรมเนียมใคร ๆ เขาก็ให้กัน
(5) บริษัทยานี้ควรให้ของสิ่งอื่นที่มีมูลค่าน้อยกว่านี้
",(2) ผิดข้อบังคับวิชาชีพแพทย์ ไม่ควรรับ,True,True,True,Ethics
2024,66,ในการประชุมเกี่ยวกับยาต้านไวรัส HIV นายแพทย์พละ ซึ่งเคยทำการศึกษาวิจัยเกี่ยวกับยาของบริษัท A พบว่ามีประสิทธิภาพสูงมาก สามารถใช้ได้จริง ดังนั้นในการประชุมครั้งนี้ นายแพทย์พละ จึงบรรยายถึงแต่ยาของบริษัท A เท่านั้น หากท่านเป็นแพทย์ที่เข้าร่วมประชุมในครั้งนี้ด้วย ท่านมีความคิดเห็นอย่างไร,"(1) นายแพทย์พละเห็นแก่ผลประโยชน์ของผู้ป่วยหรือบริษัทยากันแน่
(2) นายแพทย์พละควรจะศึกษาของบริษัทยาอื่นด้วย
(3) การพูดแบบนี้จะให้ประโยชน์แก่บริษัทยา A มากไปหรือไม่
(4) นายแพทย์พละต้องรับเงินจากบริษัทยาเป็นแน่แท้
(5) หากยาของบริษัท A ดีจริงก็ควรสนับสนุน
",(2) นายแพทย์พละควรจะศึกษาของบริษัทยาอื่นด้วย,True,True,True,Ethics
2024,67,ในการเลือกตั้ง ส.ส. หากคุณแม่ของคุณขอร้องให้ท่านเลือก ส.ส. พรรคพลังประปาแรท ซึ่งคุณก็รู้ว่า ส.ส. พรรคนี้เป็นผู้ที่ทุจริตคดโกง และคุณได้ชี้แจงกับคุณแม่ของคุณแล้วแต่ท่านไม่ยอมเข้าใจคุณควรทำอย่างไร,"(1) ทำเพื่อแม่สักครั้งจะเป็นไรไป
(2) รับปากคุณแม่ว่าจะเลือก ส.ส. พรรคนี้ แต่เวลาเลือกจริง ๆ กลับไปเลือก พรรคสิบไก่ตามตนเองต้องการ
(3) รับทราบเจตนาของคุณแม่ แต่ไม่เลือกตามที่คุณแม่ต้องการ
(4) รับทราบเจตนาของคุณแม่ และบอกท่านว่าขอที่จะทำตามการตัดสินใจของตนเอง
(5) ไม่ไปเลือกตั้งดีที่สุด
",(4) รับทราบเจตนาของคุณแม่ และบอกท่านว่าขอที่จะทำตามการตัดสินใจของตนเอง,True,True,True,Ethics
2024,68,ป้าบัวทองเคยให้การช่วยเหลือและเลี้ยงดูท่านเสมอ ๆ สมัยที่ท่านยังเป็นเด็ก ๆ ซึ่งในภายหลังท่านได้กลายมาเป็นแพทย์ และป้าบัวทองได้มาขอให้ท่านออกใบรับรองแพทย์ให้กับลูกชายซึ่งไม่ได้ป่วยจริง ท่านคิดเห็นอย่างไร,"(1) บุญคุณต้องทดแทน
(2) เป็นเรื่องที่ผิด แต่ไม่ใช่เรื่องที่ใหญ่มาก จึงพออนุโลมได้
(3) ลาบากใจมาก แต่ก็ยอมทำให้เพราะเป็นหนี้บุญคุณ
(4) ยอมออกให้ เพราะความกตัญญูเป็นสมบัติของคนดี
(5) ไม่ออกให้ เพราะผิดจรรยาบรรณทางการแพทย์
",(5) ไม่ออกให้ เพราะผิดจรรยาบรรณทางการแพทย์,True,True,True,Ethics
2024,69,แพทย์คนหนึ่งเป็นผู้อำนวยการโรงพยาบาลมีความตั้งใจที่จะพัฒนาโรงพยาบาลเป็นอย่างมาก โดยต้องการที่จะสร้างอาคาร ซึ่งต้องใช้ไม้ในการก่อสร้างมูลค่า 1 ล้านบาท แต่มีเพื่อนมาเสนอว่าอยากช่วยเหลือโรงพยาบาล จึงเสนอว่าตนสามารถหาไม้จากประเทศเพื่อนบ้านราคาเพียง 3 แสน แพทย์ท่านนี้ควรพิจารณาเรื่องใด,"(1) ถ้าประหยัดเงินส่วนนี้ไปได้ ก็เอาเงินไปพัฒนาอย่างอื่นได้อีกมิใช่หรือ
(2) แพทย์ผู้นี้ ควรละอายต่อการกระทำ ที่ส่งเสริมการตัดไม้ทำลายป่า
(3) การลักไม้ผิดกฎหมาย
(4) เพื่อประโยชน์ต่อส่วนรวมก็ควรทำมิใช่หรือ
(5) ไม่ทำ เพราะกลัวโดนตรวจสอบได้และต้องออกจากตำแหน่ง
",(3) การลักไม้ผิดกฎหมาย,True,True,True,Ethics
2024,70,หากท่านเป็นผู้อำนวยการของโรงพยาบาลประจำอำเภอ เนื่องจากโรงพยาบาลของท่านถูกกระทรวงสาธารณสุขตัดงบประมาณ เนื่องจากจำเป็นต้องนำเอางบประมาณลงไปช่วยพื้นที่น้ำท่วม ทำให้สถานะทางการเงินของโรงพยาบาลท่านอยู่ในช่วงวิกฤติ บังเอิญว่ามีธนาคารเอกชนมาเสนอท่านว่า หากทาบัตรประจำตัวผู้ป่วยให้เป็นบัตร ATM ไปเลยในตัว โรงพยาบาลของท่านจะได้รับเงินสนับสนุนจากธนาคาร หากท่านเป็นผู้อำนวยการโรงพยาบาลจะมีหลักพิจารณาอย่างไร,"(1) เป็นประโยชน์แก่โรงพยาบาลหรือธนาคารมากกว่ากัน
(2) ไม่อนุญาต เพราะอาจเป็นการละเมิดสิทธิของผู้ป่วย
(3) เป็นช่องทางการเงินที่ชอบธรรมหรือไม่
(4) เงินสนับสนุนที่ได้ สามารถนำมาช่วยเหลือผู้ป่วยในโรงพยาบาลได้อีกมากมิใช่หรือ
(5) ปัจจุบันต้องยอมรับว่า บางครั้งธุรกิจกับการแพทย์ก็จำเป็นต้องพึ่งพาซึ่งกันและกัน
",(2) ไม่อนุญาต เพราะอาจเป็นการละเมิดสิทธิของผู้ป่วย,True,True,True,Ethics
2024,71,ระหว่างโดยสารเครื่องบินไปประเทศฟินแลนด์ นายอีริคนั่งข้างเด็กหญิงอายุห้าขวบคนหนึ่ง โดยอีกข้างของเด็กหญิงเป็นหน้าต่าง เมื่อผ่านไปได้ 1 ชั่วโมงหลังจากเครื่องขึ้น เขาก็หันไปเพื่อที่จะพูดคุยกับเด็กหญิงซึ่ง เขาพบว่าเด็กหญิงได้หลับไปแล้ว เขาจึงอ่านนิตยสารต่อไป ต่อมานักบินได้ประกาศว่าเกิดเหตุฉุกเฉิน และ มีหน้ากากออกซิเจนหล่นลงมาให้ผู้โดยสารใส่ โดยต้องใส่อย่างเร่งด่วน ในเหตุการณ์เช่นนี้ นายอีริคควรปฏิบัติตัวอย่างไร,"(1) ลุกขึ้นตะโกนบอกให้ผู้โดยสารคนอื่น ๆ ใส่หน้ากากออกซิเจน
(2) รีบปลุกเด็กผู้หญิงเพื่อให้ใส่หน้ากากออกซิเจน
(3) ใส่หน้ากากออกซิเจนให้เด็กหญิงเลย
(4) รีบใส่หน้ากากออกซิเจนให้ตนเอง
(5) ลุกขึ้นหยิบสัมภาระเพื่อเตรียมอพยพ
",(4) รีบใส่หน้ากากออกซิเจนให้ตนเอง,True,True,True,Ethics
2024,72,หากท่านเป็นแพทย์ที่โรงพยาบาลแห่งหนึ่ง ท่านได้รับโทรศัพท์จากพยาบาลที่ห้องฉุกเฉินว่ามีผู้ป่วยประสบอุบัติเหตุรถชนอาการสาหัส และขณะนั้นไม่มีแพทย์เวรอยู่เลย ท่านจึงรีบวิ่งกลับไปยังห้องฉุกเฉิน แต่ บังเอิญว่า ขณะนั้น เวลา 08.00 น. ซึ่งมีเสียงเพลงชาติดังขึ้น ท่านจะทำอย่างไร,"(1) วิ่งกลับไปยังห้องฉุกเฉิน อย่างไม่สนใจเพลงชาติ
(2) วิ่งกลับไป แต่เลือกเส้นทางที่ไม่มีใครเห็น
(3) โทรบอกพยาบาลว่าติดเคารพธงชาติอยู่
(4) ยืนตรงเคารพธงชาติจนกว่าเพลงจะจบ
(5) กฎหมายกล่าวไว้ว่าอย่างไร เรื่องการเคารพธงชาต์
",(2) วิ่งกลับไป แต่เลือกเส้นทางที่ไม่มีใครเห็น,True,True,True,Ethics
2024,73,ข้าราชการชั้นผู้ใหญ่ท่านหนึ่ง มีประวัติดีมาตลอด ต้องการพักร้อนยาว จึงขอให้ท่านเขียนใบรับรองแพทย์ ให้หยุดพัก อีกทั้งข้าราชการท่านนี้เคยมีบุญคุณกับครอบครัวท่านเป็นอย่างมาก ท่านจะทำอย่างไร,"(1) ระหว่างบุญคุณกับความถูกต้องสิ่งไหนมาก่อน
(2) จรรยาบรรณทางการแพทย์เป็นสิ่งที่สำคัญที่สุดมิใช่หรือไม่
(3) มันเป็นเรื่องที่ถือว่าเป็นเรื่องปกติของสังคมไทยมิใช่หรือ
(4) การตอบแทนบุญคุณบุคคลอื่นมีได้หลายวิธีมิใช่หรือ
(5) อาจถูกตราหน้าว่าเนรคุณคนใช่หรือไม่
",(2) จรรยาบรรณทางการแพทย์เป็นสิ่งที่สำคัญที่สุดมิใช่หรือไม่,True,True,True,Ethics
2024,74,หากท่านเป็นหนึ่งในทีมตำรวจที่เข้าจับกุมผู้ต้องหาคดีค้ายาเสพติด แต่ผู้ต้องหาไม่รับสารภาพ ท่านให้หัวหน้าชุดจับกุมซ้อมผู้ต้องหาเพื่อให้รับสารภาพ แต่ผู้บังคับบัญชาไม่พอใจและขู่ว่าหากท่านไม่ปฏิบัติตามจะสั่งย้ายท่านไปในพื้นที่สามจังหวัดชายแดนภาคใต้ ท่านคิดเห็นอย่างไร,"(1) เป็นตำรวจต้องยึดถือความถูกต้องเป็นหลักเสมอ
(2) มอบหมายให้ผู้ใต้บังคับบัญชาของท่านซ้อมผู้ต้องหาแทน เป็นวิธีการที่ดีที่สุดใช่หรือไม่
(3) เป็นผู้พิทักษ์สันติราษฎร์ต้องปฏิบัติตามคำสั่งของผู้บังคับบัญชาอย่างเคร่งครัดมิใช่หรือ
(4) หากไม่ปฏิบัติตาม อาจถูกย้ายออกนอกพื้นที่ได้มิใช่หรือ
(5) ปฏิบัติตาม เพราะหากทาคดีนี้สาเร็จอาจได้พิจารณาตาแหน่งที่สูงขึ้น
",(1) เป็นตำรวจต้องยึดถือความถูกต้องเป็นหลักเสมอ,True,True,True,Ethics
2024,75,บริษัทหนึ่งจะนำเข้าเครื่องบินที่ทันสมัยมาก จุผู้โดยสารได้เยอะ ความคิดใดเกิดประโยชน์มากที่สุด,"(1) ถ้าผู้โดยสารไม่เต็มลำจะไม่คุ้มค่าเที่ยวบินหรือไม่
(2) ภายหน้าบริษัทอื่นก็จะนำเข้าเครื่องบินที่ดีได้เหมือนกัน
(3) จะมีปัญหาว่าน้ำมันหมดกลางทางแล้วเติมไม่ได้หรือไม่
(4) ผู้โดยสารเยอะขึ้นจะมีอันตรายต่อการบินหรือไม่
(5) ประเทศเราเริ่มมีการพัฒนาเทคโนโลยีมากขึ้น
",(4) ผู้โดยสารเยอะขึ้นจะมีอันตรายต่อการบินหรือไม่,True,True,True,Ethics
2024,76,หากท่านเป็นพระสงฆ์ มีหญิงวัยชรา 70 ปี จมน้ำหมดสติ ต้องการช่วยชีวิต แต่ในขณะนั้นไม่มีใครที่มีความรู้ในการช่วยชีวิตเลย ท่านซึงเป็นพระสงฆ์จึงเข้าทำการปฐมพยาบาลเบื้องต้น ข้อใดเป็นประเด็นที่ควรพิจารณามากที่สุด,"(1) ควรละอุเบกขา
(2) เป็นภิกษุไม่ควรถูกตัวผู้หญิงใช่หรือไม่
(3) ชีวิตคนสาคัญกว่าการผิดวินัยสงฆ์ใช่หรือไม่
(4) ผิดต่อบทบาทของตนเองหรือไม่
(5) ทำให้ศาสนาเสื่อมเสียหรือไม่
",(3) ชีวิตคนสาคัญกว่าการผิดวินัยสงฆ์ใช่หรือไม่,True,True,True,Ethics
2024,77,มีแพทย์คนนึงจะสั่งยารักษาโรค มีให้เลือก 2 บริษัท คือ บริษัท EL (นำเข้า) และบริษัท ยาดี ของไทย ประสิทธิภาพของ บริษัท EL ดีกว่าของ บริษัท ยาดี แต่แพงกว่ามาก แพทย์คนนี้เลือกยาบริษัท EL ในการรักษาผู้ป่วย คนจากบริษัท EL ตอบแทนโดยการพาไปกินข้าวที่ร้านอาหารและเข้าร่วมสัมมนาต่างประเทศ ประเด็นใดควรพิจารณา,"(1) ยา บริษัท EL มีประสิทธิภาพดีกว่าไม่ใช่หรือ
(2) ควรเลือกบริษัทยาที่ผลิตในไทยไม่ใช่หรือ
(3) การให้ประโยชน์ต่อแพทย์จะมีผลต่อการตัดสินใจของแพทย์
(4) แพทย์ได้รับผลประโยชน์จริงหรือเปล่า
(5) คนไข้และประเทศชาติได้ผลประโยชน์สูงสุดจริงหรือ
",(3) การให้ประโยชน์ต่อแพทย์จะมีผลต่อการตัดสินใจของแพทย์,True,True,True,Ethics
2024,78,แพทย์พาณิชย์ หมายถึงข้อใด,"(1) แพทย์ที่ทำงานในโรงพยาบาลเอกชนเป็นหลัก
(2) แพทย์ที่จบจากมหาวิทยาลัยเอกชน
(3) แพทย์ที่เปิดกิจการหรือคลินิกของตนเอง โดยคิดค่ายาแพงกว่าโรงพยาบาล
(4) แพทย์ที่ส่งตรวจด้วยเครื่องมือที่มีราคาแพงโดยไม่จำเป็น
(5) แพทย์ที่ตรวจผู้ป่วยต่างชาติ และคิดค่าแพทย์ราคาสูง
",(4) แพทย์ที่ส่งตรวจด้วยเครื่องมือที่มีราคาแพงโดยไม่จำเป็น,True,True,True,Ethics
2024,79,หากท่านเป็นแพทย์ที่ตรวจคนไข้มาตั้งแต่แปดโมงเช้าจนขณะนี้เป็นเวลาบ่ายสามโมง ท่านยังไม่ได้รับประทานอาหารเลย เนื่องจากคนไข้มีจำนวนมาก ท่านจึงตัดสินใจที่จะพักการตรวจเพื่อไปรับประทานอาหาร แต่คนไข้รายหนึ่งก็เข้ามาหาท่านเพื่อขอตรวจก่อน เนื่องจากรอมาตั้งแต่หกโมงเช้าแล้ว ท่านควรทำอย่างไร,"(1) ตรวจคนไข้รายนี้อีกครั้งเพราะสถานการณ์ด่วน
(2) ตรวจคนไข้รายนี้อีกครั้งและติดต่อพยาบาลเพื่อให้ความช่วยเหลือให้กับคนไข้อื่น ๆ ในระหว่างนี้
(3) บอกว่าจะรีบไปรับประทานอาหารเนื่องจากเลยเวลาพักเที่ยงมานานแล้ว และจะกลับมาตรวจในอีกครึ่งชั่วโมง โดยขอให้คนไข้รอ
(4) หากตรวจคนไข้รายนี้อีก ควรแจ้งให้คนอื่น ๆ ทราบเพื่อไม่ให้เกิดความสับสน
(5) อบรมคนไข้เรื่องนี้และแนะนำว่าไม่ควรทำแบบนี้ในอนาคต
",(1) ตรวจคนไข้รายนี้อีกครั้งเพราะสถานการณ์ด่วน,True,True,True,Ethics
2024,80,ผู้อำนวยการโรงพยาบาลต้องการส่งเสริมด้านจริยธรรมให้แก่บุคลากรในโรงพยาบาล ถามว่าสถานการณ์ใดที่สื่อถึงปัญหาดังกล่าวได้ชัดเจนที่สุด:,"(1) พนักงานก เดินข้ามถนนหน้าโรงพยาบาลโดยไม่ใช้สะพานลอยทุก ๆ วัน
(2) พนักงานข สูบบุหรี่ในห้องทำงานของตน ทั้ง ๆ ที่โรงพยาบาลเป็นเขตปลอดบุหรี่
(3) พนักงานค เป็นพนักงานที่ปฏิบัติหน้าที่ดีมาตลอด แต่ชอบแอบใช้เครื่องใช้ในส่วนตัวในเวลาทำงาน
(4) พนักงานง ชอบลัดคิวการเข้ารักษาให้กับคนรู้จักของตนเอง
(5) พนักงานจ ชอบนั่งคุยโทรศัพท์เวลาทำงาน
",(2) พนักงานข สูบบุหรี่ในห้องทำงานของตน ทั้ง ๆ ที่โรงพยาบาลเป็นเขตปลอดบุหรี่,True,True,True,Ethics
2024,81,ปัจจุบันมีกลุ่มบุคคลที่อ้างตัวเป็นนักศึกษาแพทย์ ได้จัดทาหนังสือเฉลยข้อสอบวิชาจริยธรรมแพทย์ของ กสพท. ออกมาจำหน่าย ซึ่งเนื้อหาที่ได้เฉลยนั้นไม่ถูกต้องตามจุดประสงค์ที่แท้จริงของผู้ที่จัดทาข้อสอบ ทำให้มองว่าข้อสอบไม่สามารถวัดจริยธรรมได้ ประเด็นใดควรพิจารณามากที่สุด:,"(1) ส่งผลต่อค่านิยมที่สังคมมีต่อวิชาชีพแพทย์ ใช่หรือไม่
(2) ผู้จัดทาหนังสือเห็นแก่ประโยชน์ส่วนตัวมากกว่าส่วนรวม ใช่หรือไม่
(3) สร้างความเดือดร้อนให้ผู้อื่น
(4) ทาให้ผู้อ่านเข้าใจวัตถุประสงค์ของข้อสอบผิดไป ใช่หรือไม่
(5) ควรจะทาอย่างไรเพื่อกาจัดปัญหาเหล่านี้ให้หมดไป
",(4) ทาให้ผู้อ่านเข้าใจวัตถุประสงค์ของข้อสอบผิดไป ใช่หรือไม่,True,True,True,Ethics
2024,82,แพทย์คนใดควรได้รับการยกย่องมากที่สุด:,"(1) แพทย์ดีเด่นแห่งชาติ
(2) แพทย์ที่เป็นเลิศด้านวิชาการ
(3) แพทย์ที่เลี้ยงดูพ่อแม่อย่างดี
(4) แพทย์ที่มีคนไข้มารักษามากที่สุด
(5) แพทย์ที่พูดจาสุภาพอ่อนโยน
",(3) แพทย์ที่เลี้ยงดูพ่อแม่อย่างดี,True,True,True,Ethics
2024,83,"แพทยสภาได้มีข้อห้ามที่ไม่ให้แพทย์รับสิ่งของจากบุคคลอื่นที่มีมูลค่าเกิน 3,000 บาท ภรรยาของนายแพทย์สง่าซึ่งไม่ได้เป็นแพทย์ได้รับแพ็กเกจนวดหน้ามูลค่า 2,500 บาท จากร้านค้าส่งเครื่องมือแพทย์แห่งหนึ่ง ท่านคิดว่าการกระทำดังกล่าวสมควรหรือไม่อย่างไร:","(1) สมควร เพราะมีมูลค่าไม่เกิน 3,000 บาท
(2) สมควร เพราะไม่ได้เป็นแพทย์
(3) สมควร เพราะเป็นพฤติกรรมปกติในสังคม
(4) ไม่สมควร เพราะอย่างไรเสียก็แต่งงานกับแพทย์
(5) ไม่สมควร เพราะคนอื่นจะมองว่าไม่มีปัญญาซื้อเอง
",(4) ไม่สมควร เพราะอย่างไรเสียก็แต่งงานกับแพทย์,True,True,True,Ethics
2024,84,ยายเมืองออกจากบ้านตั้งแต่ 6 โมงเช้าเพื่อไปรักษาอาการเจ็บคอที่โรงพยาบาล ปรากฏว่าเมื่อถึงเวลาบ่ายโมง ขณะที่กำลังจะได้เข้าไปพบแพทย์ มีผู้ป่วยฉุกเฉินถูกงูกัดถูกนำส่งมายังโรงพยาบาลทำให้แพทย์ซึ่งเป็นแพทย์คนเดียวของโรงพยาบาลจำเป็นต้องลัดคิวเพื่อรักษาผู้ป่วยงูกัดก่อน ทำให้ยายเมืองโกรธมากและเข้าไปต่อว่าแพทย์ท่านนั้น และเดินออกจากโรงพยาบาลเพื่อไปคลินิกที่เปิดใกล้ๆ โดยไม่ยอมฟังคำชี้แจงจากแพทย์ท่านนั้น หากท่านเป็นแพทย์ท่านนั้นก่อนที่จะตัดสินใจรักษาผู้ป่วยงูกัดก่อนยายเมือง ท่านจะทำอย่างไร:,"(1) รักษายายเมืองก่อน ปล่อยให้ผู้ป่วยงูกัดรอต่อไปจนกว่าจะถึงคิว
(2) รักษาผู้ป่วยงูกัดด้วยตนเอง แล้วให้พยาบาลรักษายายเมืองไปพร้อมกัน
(3) รักษาผู้ป่วยงูกัดก่อน แล้วชี้แจงเหตุผลให้ทราบในภายหลัง
(4) รักษาผู้ป่วยงูกัดก่อน โดยรีบชี้แจงเหตุผลให้ทราบในภายหลัง
(5) ส่งผู้ป่วยงูกัดไปโรงพยาบาลจังหวัด เพราะตนเองมีผู้ป่วยมากแล้ว
",(4) รักษาผู้ป่วยงูกัดก่อน โดยรีบชี้แจงเหตุผลให้ทราบในภายหลัง,True,True,True,Ethics
2024,85,ท่านเห็นด้วยกับประโยคที่ว่า การช่วยผู้ป่วยที่สิ้นหวังให้ตายอย่างสงบหรือไม่:,"(1) ไม่เห็นด้วย เพราะขัดต่อศาสนา
(2) เห็นด้วย เพราะหากไม่ทำตามความต้องการของผู้ป่วยอาจถูกฟ้องร้องได้
(3) ไม่เห็นด้วย เพราะผิดจรรยาบรรณแพทย์
(4) เห็นด้วย เพราะเป็นสิทธิของผู้ป่วย
(5) ไม่เห็นด้วย เพราะผิดกฎหมาย
",(3) ไม่เห็นด้วย เพราะผิดจรรยาบรรณแพทย์,True,True,True,Ethics
2024,86,วันหนึ่งผู้ป่วยมะเร็งของท่านท้อแท้หมดหวังที่จะทำการรักษาต่อ ท่านจะทำอย่างไร:,"(1) ให้กำลังใจและยกตัวอย่างผู้ป่วยที่รักษาแล้วอาการดีขึ้น
(2) ยกตัวอย่างผู้ป่วยอาการหนักที่ขาดการรักษา
(3) ให้ญาติพากลับไปดูแลที่บ้าน
(4) ให้พยาบาลช่วยพูดจนยอมรักษา
(5) ยอมยุติการรักษาตามความต้องการของผู้ป่วย
",(1) ให้กำลังใจและยกตัวอย่างผู้ป่วยที่รักษาแล้วอาการดีขึ้น,True,True,True,Ethics
2024,87,ผู้ป่วยระยะสุดท้ายรายหนึ่งได้ทำการรักษามานานหลายปี จนกระทั่งได้ล้มป่วยลงด้วยอาการสมองฝ่อ (frontotemporal hypotrophy) ซึ่งทางทีมแพทย์ก็ได้ใช้ยาผลิตภัณฑ์ตัวใหม่ล่าสุดซึ่งมีราคาแพงมาก เพื่อรักษาอาการผู้ป่วย แต่ต่อมาไม่นานผู้ป่วยก็เสียชีวิตลง ทางญาติผู้ป่วยจึงพากันเรียกร้องค่าเสียหายเนื่องจากยาที่ท่านได้ให้นั้น มีราคาแพงมาก จนทำให้ต้องเป็นหนี้ธนาคารหลายแสนบาท ท่านควรทำอย่างไร:,"(1) ในเมื่อเรารักษาตามหลักการจะผิดได้อย่างไร
(2) เราได้ทำการรักษาดีที่สุดแล้วหรือไม่
(3) ในเมื่อเราไม่ผิด ก็เข้าไปเจอกันในชั้นศาลก็แล้วกัน
(4) ลองกลับไปทบทวนดูว่า ก่อนจะทำการรักษาเราได้ให้ข้อมูลกับญาติดีพอแล้วหรือยัง และมีการบันทึกการรักษาไว้หรือไม่
(5) ยอมจ่ายเงินใช้หนี้ให้ เพราะอาชีพหมอเงินหลักแสนจ่ายได้สบาย
",(4) ลองกลับไปทบทวนดูว่า ก่อนจะทำการรักษาเราได้ให้ข้อมูลกับญาติดีพอแล้วหรือยัง และมีการบันทึกการรักษาไว้หรือไม่,True,True,True,Ethics
2024,88,ท่านคิดเห็นอย่างไรกับการที่หมอออกมาแถลงข่าวเรื่องเกี่ยวกับดารา:,"(1) ทำไม่ได้ เพราะหมอต้องรักษาความลับ
(2) ถ้าครอบครัวดาราอนุญาตก็ทำได้
(3) ถ้าดาราอนุญาตก็ทำได้
(4) ไม่ควรแถลงต่อสาธารณชน แต่สามารถเล่าให้คนอื่นฟังได้
(5) เป็นเรื่องธรรมดาสำหรับหมอในการสนใจข่าวสารบ้านเมือง
",(1) ทำไม่ได้ เพราะหมอต้องรักษาความลับ,True,True,True,Ethics
2024,89,การที่โรงพยาบาลแถลงข่าวของดาราที่ป่วยเป็นโรคมะเร็ง โรงพยาบาลควรทำหรือไม่ อย่างไร:,"(1) โรงพยาบาลควรทำ เพราะเป็นการให้ข้อมูลที่ถูกต้องแก่สังคม
(2) โรงพยาบาลควรทำ เพราะเป็นการลดความกังวลของดาราและครอบครัว
(3) ไม่ควรทำ เพราะถือว่าเป็นความลับผู้ป่วย
(4) ไม่ควรทำ เพราะอาจทำให้เกิดปัญหากันหน้าที่การงานของดารา
(5) ไม่ควรทำ เพราะต่อไปอาจต้องเป็นคนตอบคำถามเรื่องนี้ไปเรื่อย ๆ
",(3) ไม่ควรทำ เพราะถือว่าเป็นความลับผู้ป่วย,True,True,True,Ethics
2024,90,เมื่อมีผู้มีชื่อเสียงมารักษาที่โรงพยาบาล และแพทย์ที่ดูแลนั้นมักถูกถามเรื่องอาการของเธอ แพทย์ควรคิดอย่างไร:,"(1) แพทย์ต้องปกปิดความลับคนไข้มิใช่หรือ
(2) แพทย์มีสิทธิที่จะบอกความจริงมิใช่หรือ
(3) ข้อบังคับแพทย์สภาว่าด้วยเรื่องจริยธรรมทางการแพทย์กล่าวไว้อย่างไร
(4) ก็ควรบอกไป เรื่องจะได้สงบใช่หรือไม่
(5) บอกไปตามที่นักข่าวถาม เพราะคนทั่วไปมีสิทธิรู้มิใช่หรือ
",(1) แพทย์ต้องปกปิดความลับคนไข้มิใช่หรือ,True,True,True,Ethics
2024,91,ชายคนหนึ่งมาตรวจโรคเอดส์กับทางโรงพยาบาล เนื่องจากไม่แน่ใจว่าตนได้รับเชื้อหรือไม่ ผลตรวจปรากฏว่า ชายผู้นี้ไม่ได้เป็นโรคเอดส์ และกลับบ้านไป สามวันต่อมา ภรรยาทราบข่าวว่าสามีมาตรวจโรคเอดส์กับทางโรงพยาบาล จึงมาแอบถามกับหมอว่าสามีตนเองเป็นโรคเอดส์หรือเปล่า หากท่านเป็นแพทย์รายนี้ ท่านจะทำอย่างไร:,"(1) ตอบไปก็ไม่ได้เสียหายอะไร ไม่ได้เป็นอะไรอยู่แล้ว
(2) ตอบไปตามความจริง
(3) ให้ภรรยาโทรถามความยินยอมจากสามีก่อน จึงค่อยตอบ
(4) จะบอกโดยขอโทรไปถามสามีของเธอก่อนว่ายินยอมหรือไม่
(5) ไม่บอก เพราะเป็นความลับผู้ป่วย
",(5) ไม่บอก เพราะเป็นความลับผู้ป่วย,True,True,True,Ethics
2024,92,นายชาติหน้า อายุ 37 ปี สมรสแล้ว มีบุตร 2 คน มาตรวจเลือดไวรัส HIV ซึ่งผลตรวจออกมาว่าติดเชื้อ และได้ร้องขอให้แพทย์เก็บไว้เป็นความลับ ไม่บอกแม้แต่ภรรยาของเขา หากท่านเป็นแพทย์ผู้ดูแลรักษาจะปฏิบัติตนอย่างไร:,"(1) เป็นความลับผู้ป่วย ควรรับปากและปิดเป็นความลับมิใช่หรือ
(2) ต้องบอกภรรยาผู้ป่วยและคู่นอนของผู้ป่วยที่มีความเสี่ยงสูงจากการติดโรคทุกคน
(3) โน้มน้าวให้ผู้ป่วยเป็นผู้บอกผลตรวจกับภรรยาด้วยตนเอง
(4) หากภรรยานายชาติหน้าติดเชื้อ HIV ขึ้นมาจะเป็นความรับผิดชอบของใคร
(5) จรรยาบรรณทางการแพทย์กล่าวไว้อย่างไร
",(3) โน้มน้าวให้ผู้ป่วยเป็นผู้บอกผลตรวจกับภรรยาด้วยตนเอง,True,True,True,Ethics
2024,93,ท่านเป็นแพทย์เวรประจาหอผู้ป่วยได้รับโทรศัพท์จากมารดาของผู้ป่วยรายหนึ่งซึ่งมีภาวะวิกฤต สอบถามถึงอาการของผู้ป่วย ท่านจะมีแนวทางปฏิบัติตนอย่างไร:,"(1) ปฏิเสธที่จะให้ข้อมูลทางโทรศัพท์
(2) ให้ข้อมูลเบื้องต้นที่เร่งด่วน
(3) ขออนุญาตผู้ป่วยก่อน
(4) บอกข้อมูลทั้งหมดที่มารดาผู้ป่วยต้องการ
(5) ไม่พูดอะไรและวางสายทันที
",(2) ให้ข้อมูลเบื้องต้นที่เร่งด่วน,True,True,True,Ethics
2024,94,"นายดามีเชื้อ HIV แต่ไม่ยอมบอกนางสมที่เป็นภรรยา เพราะกลัวถูกทอดทิ้งเวลาเจ็บไข้ได้ป่วย อีกทั้งได้มีเพศสัมพันธ์กับนางสมโดยไม่ได้ป้องกัน หากนางสมมาถามคุณซึ่งเป็นแพทย์ว่านายดามีเชื้อเอดส์หรือไม่ และคุณเป็นแพทย์เจ้าของผู้ป่วยจะทำอย่างไร
(ก) บอก เพราะนางสมอาจติดเชื้อเอดส์ไปแล้ว จะได้รักษาตัวเอง
(ข) บอก เพราะนายดาคงไม่ยอมบอกเอง
(ค) ไม่บอก เพราะเป็นความลับของผู้ป่วย
(ง) ไม่บอก เพราะหากนายดาถูกทอดทิ้ง ใครจะรับผิดชอบ
คุณจะใช้ข้อใดบ้างในการตัดสินใจเรื่องนี้
","(1) ก. และ ค.
(2) ข. และ ค.
(3) ก. และ ง.
(4) ข. และ ง.
(5) ก. และ ข.
",(1) ก. และ ค.,True,True,True,Ethics
2024,95,คู่สามีภรรยาคนดังในวงการบันเทิงได้พาเด็กชายอายุ 7 ขวบมาตรวจ DNA เพื่อยืนยันว่าเป็นลูกของฝ่ายชายจริงหรือไม่ เนื่องจากหน้าตาของลูกชายไม่เหมือนตนเอง ผลการตรวจพบว่าเด็กชายผู้นั้นไม่ใช่ลูกของฝ่ายชายจริง ท่านจะทำอย่างไรต่อ?,"(1) บอกตามความจริงเพราะความจริงคือความจริงและทั้งสองก็ตัดสินใจที่จะมาตรวจอยู่แล้ว
(2) บอกตามความจริงแต่กับฝ่ายหญิงเท่านั้นเพื่อตัดสินใจว่าจะบอกฝ่ายชายหรือไม่
(3) บอกว่าทางโรงพยาบาลมีเหตุขัดข้อง ให้ไปตรวจโรงพยาบาลอื่น
(4) บอกไปว่าเด็กคนนั้นเป็นลูกของฝ่ายชายเพื่อช่วยไม่ให้เด็กคนหนึ่งต้องขาดพ่อ
(5) บอกฝ่ายชายไปว่าเมื่อเริ่มต้นด้วยความไม่เชื่อใจก็อย่าอยู่ด้วยกันเลยดีกว่า
",(1) บอกตามความจริงเพราะความจริงคือความจริงและทั้งสองก็ตัดสินใจที่จะมาตรวจอยู่แล้ว,True,True,True,Ethics
2024,96,คุณแม่พาลูกสาวอายุ 21 ปี มาพบแพทย์เนื่องจากประจำเดือนมาไม่ปกติ แพทย์ตรวจร่างกายพบว่าตั้งครรภ์ 3 เดือน เด็กขอร้องให้ปิดไม่ให้แม่ทราบ แพทย์ควรทำอย่างไร,"(1) ทำตามที่เด็กร้องขอ เพราะเป็นสิทธิส่วนบุคคล
(2) แจ้งผู้ปกครองให้ทราบตามจริง
(3) แจ้งให้เด็กทราบว่าสามารถทำแท้งได้ เพราะเข้าข่ายตามกฎหมายกำหนด
(4) แจ้งมูลนิธิปวีณาให้เข้าช่วยเหลือ
(5) ถามความจริงเพื่อเข้าช่วยเหลือ
",(1) ทำตามที่เด็กร้องขอ เพราะเป็นสิทธิส่วนบุคคล,True,True,True,Ethics
2024,97,นักการเมืองคนหนึ่งมีประวัติการศึกษาและการทำงานที่ดี แต่อดีตเคยบังคับให้ผู้หญิงไปทำแท้ง นักข่าวจึงไปสอบถามหัวหน้าของเขา ถ้าท่านเป็นหัวหน้า ท่านควรทำอย่างไร,"(1) ควรปกปิดความลับของลูกน้อง
(2) เรื่องของนักการเมือง เป็นตัวแทนของประชาชนทุกคนควรรู้
(3) พูดไปจะมีประโยชน์หรือไม่
(4) นักข่าวไม่ควรมาถาม ไล่นักข่าวออกไป
(5) ตอบนักข่าวไปแบบมีนัย ๆ
",(2) เรื่องของนักการเมือง เป็นตัวแทนของประชาชนทุกคนควรรู้,True,True,True,Ethics
2024,98,ข้าวเป็นเด็กดีในครอบครัวมีน้องชื่อโพด เป็นคนที่เสพยาเสพติดมากจนทำให้พ่อเครียดถึงขั้นเส้นเลือดในสมองแตก เป็นเหตุให้พ่อของเขาเสียชีวิต นอกจากนั้นโพดยังก่อเรื่องทำให้แม่ปวดหัวทุกวัน ข้าวจึงคิดว่าจะทำให้โพดพิการ จะได้ทำอะไรไม่ได้ สิ่งใดควรพิจารณา,"(1) จำเป็นต้องทำให้พิการเชียวหรือ
(2) ข้าวควรกตัญญูพ่อแม่
(3) การแก้ปัญหาเพื่อครอบครัวเป็นสิ่งที่ควรกระทำมิใช่หรือ
(4) คนเสพยาเป็นคนที่ควบคุมตนเองไม่ได้ มิใช่หรือ
(5) ทำอย่างไรจึงจะพิการ
",(4) คนเสพยาเป็นคนที่ควบคุมตนเองไม่ได้ มิใช่หรือ,True,True,True,Ethics
2024,99,ประธานาธิบดีหญิงพาผู้ชายไปโรงแรมด้วยอย่างลับ ทำให้คนวิพากษ์กันเรื่องนี้เป็นว่าเล่น และมีการวิจารณ์ในแง่ลบว่ามีพฤติกรรมชู้สาวและพูดถึงเรื่องผลประโยชน์ ท่านมีความคิดเห็นว่าอย่างไรกับเหตุการณ์นี้,"(1) นักการเมืองต้องรับการวิพากษ์วิจารณ์ให้ได้ทุกรูปแบบ
(2) เป็นบุคคลของสังคมควรวางตัวให้เหมาะสม
(3) ไม่ผิด เพราะเป็นเรื่องส่วนตัว
(4) เกี่ยวข้องกับผลประโยชน์จริงหรือไม่
(5) เป็นผู้หญิงควรรักนวลสงวนตัว
",(2) เป็นบุคคลของสังคมควรวางตัวให้เหมาะสม,True,True,True,Ethics
2024,100,ปณิตาเป็นนักเรียนแพทย์ในมหาวิทยาลัยแห่งหนึ่ง เธอเป็นคนชอบทำกิจกรรมเพื่อสาธารณประโยชน์มากและทำมาตั้งแต่สมัยเป็นประธานนักเรียน เมื่อมาเรียนแพทย์เธอก็ยังชอบทำกิจกรรมอยู่เช่นเดิม แต่ผลการเรียนของเธอไม่เป็นที่น่าพอใจนัก จนอยู่ในเกณฑ์ที่จะถูกให้ออกจากมหาวิทยาลัย หากท่านเป็นเพื่อนสนิทของปณิตา ท่านจะช่วยแก้ปัญหานี้อย่างไร,"(1) ชี้แจงให้อาจารย์แต่ละรายวิชาทราบเพื่อให้เข้าใจว่าเหตุใดผลสอบของเธอถึงไม่ดีนัก
(2) เสนอตัวติวหนังสือให้ปณิตาเวลาว่าง
(3) ช่วยปณิตาทำกิจกรรมให้น้อยลงเพื่อใช้เวลากับการเรียนมากขึ้น
(4) แนะนำให้ปณิตาทำกิจกรรมให้น้อยลงเพื่อใช้เวลากับการเรียนมากขึ้น
(5) เสนอตัวให้ลอกข้อสอบทุกครั้งจนกว่าผลการเรียนของปณิตาจะดีขึ้น
",(4) แนะนำให้ปณิตาทำกิจกรรมให้น้อยลงเพื่อใช้เวลากับการเรียนมากขึ้น,True,True,True,Ethics
2024,101,ในช่วงหลายปีที่ผ่านมาวงการฟุตบอลไทยมีพัฒนาการไปในทางที่ดีมาก แต่ในขณะเดียวกันก็มีเหตุการณ์ที่ไม่พึงประสงค์เกิดขึ้นคือ แฟนฟุตบอลทีมต่าง ๆ ชอบยกพวกตีกันอยู่เป็นประจำ หากท่านเป็นอาจารย์ในโรงเรียนชายล้วนแห่งหนึ่งซึ่งมีนักเรียนคลั่งไคล้กีฬาฟุตบอลเป็นจำนวนมากและมักยกพวกตีกับแฟนบอลฝ่ายตรงข้ามเป็นประจำ ท่านจะอบรมนักเรียนของท่านอย่างไร,"(1) เป็นหน้าที่ของสารวัตรนักเรียนมิใช่หรือ
(2) เป็นหน้าที่ของแฟนบอลที่จะปกป้องสโมสรที่ตนเองรัก
(3) เจ้าหน้าที่ตำรวจควรเพิ่มกำลังดูแลรักษาความปลอดภัยในแต่ละการแข่งขันมากกว่านี้
(4) แฟนบอลควรเปลี่ยนวิธีแสดงความรักต่อสโมสร
(5) ควรมีมาตรการลงโทษแฟนบอลที่มีพฤติกรรมรุนแรงให้หลาบจำให้ชัดเจน
",(4) แฟนบอลควรเปลี่ยนวิธีแสดงความรักต่อสโมสร,True,True,True,Ethics
2024,102,หลังจากมีการทลายบ่อนการพนันกลางกรุงแห่งหนึ่ง เจ้าหน้าที่ตำรวจพบว่าได้มีบัญชีการจ่ายเงินให้แก่เจ้าหน้าที่ตำรวจระดับผู้กำกับการในพื้นที่ หากท่านเป็นผู้บังคับบัญชาของนายตำรวจนายดังกล่าวและมีอำนาจเต็มที่จะพิจารณาลงโทษอย่างเต็มที่ท่านจะทำอย่างไร,"(1) ให้ปลดออกจากราชการไว้ก่อน เพราะสร้างความเสื่อมเสียให้แก่ทางราชการ
(2) รายงานไปยังผู้บังคับบัญชาชั้นสูงเพื่อขอความเห็น
(3) ตั้งคณะกรรมการสอบสวนเรื่องราวที่เกิดขึ้นเพื่อให้ความเป็นธรรมแก่ทุกฝ่าย
(4) ไม่ดำเนินการ เพราะเป็นที่รู้กันโดยทั่วไปว่าโดยตำรวจท่านนั้นเป็นคนดี
(5) ไม่ดำเนินการ เพราะปัจจุบันกำลังตำรวจขาดแคลนจะยิ่งทำให้เจ้าหน้าที่เสียขวัญประชาชนจะเสียประโยชน์
",(3) ตั้งคณะกรรมการสอบสวนเรื่องราวที่เกิดขึ้นเพื่อให้ความเป็นธรรมแก่ทุกฝ่าย,True,True,True,Ethics
2024,103,หากเหตุการณ์ในข้อก่อนหน้านี้เป็นเรื่องจริง ท่านคิดว่าปัญหาที่เกิดขึ้นเป็นเพราะเหตุใด,"(1) เป็นธรรมดาทุกคนย่อมช่วยเหลือกัน ต่างฝ่ายต่างได้ประโยชน์ ยุติธรรมดี
(2) เพราะความไม่ละอายต่อบาปของทุกฝ่ายที่เกี่ยวข้องกัน
(3) เจ้าหน้าที่ตำรวจรายได้น้อย ไม่เพียงพอที่จะเลี้ยงดูครอบครัวจึงต้องหารายได้ให้เพียงพอ
(4) ผู้บังคับบัญชาขาดความเข้มงวดกับผู้ใต้บังคับบัญชา จึงไม่เกรงกลัวกฎหมาย
(5) เพราะไม่มีการคัดเลือกเจ้าหน้าที่ที่มีคุณธรรมมาเป็นเจ้าหน้าที่
",(5) เพราะไม่มีการคัดเลือกเจ้าหน้าที่ที่มีคุณธรรมมาเป็นเจ้าหน้าที่,True,True,True,Ethics
2024,104,คุณเป็นผู้อำนวยการโรงพยาบาลแห่งหนึ่ง ตรวจพบว่ามีเงินหายไป และเมื่อตรวจสอบก็พบว่าเหรัญญิกที่ไม่เคยมีประวัติเสียมาก่อนเป็นคนเอาไป เมื่อสอบถามเหรัญญิกก็ยอมรับว่าตนติดหนี้ต้องนำเงินส่วนนั้นไปใช้รักษาแม่ซึ่งป่วยหนักมาก คุณจะทำอย่างไร,"(1) แจ้งความดำเนินคดี
(2) นำเรื่องนี้เข้าที่ประชุมให้กรรมการพิจารณา
(3) ให้ทำเรื่องกู้ยืมเงินจากทางโรงพยาบาล โดยจะหักเงินเดือนทุกเดือน จะได้ไม่ต้องจ่ายดอกเบี้ย
(4) เห็นใจและทำเป็นไม่รู้ไม่เห็น
(5) นำเงินของตนชดใช้ให้ก่อน
",(3) ให้ทำเรื่องกู้ยืมเงินจากทางโรงพยาบาล โดยจะหักเงินเดือนทุกเดือน จะได้ไม่ต้องจ่ายดอกเบี้ย,True,True,True,Ethics
2024,105,ในขณะที่ท่านกำลังทำข้อสอบอยู่ เพื่อนส่งสัญญาณเพื่อขอลอกข้อสอบ เราควรใช้หลักอะไรในการพิจารณา,"(1) ความเอื้อเฟื้อเผื่อแผ่
(2) มิตรภาพ
(3) ความเมตตา
(4) ความอดทน อดกลั้น
(5) ความเคารพกฎเกณฑ์
",(5) ความเคารพกฎเกณฑ์,True,True,True,Ethics
2024,106,ในปัจจุบัน มีผู้คนนิยมสร้างบ้านทรงไทยกันมาก ซึ่งต้องใช้ไม้สักเป็นวัสดุในการสร้าง โดยประชาชนที่อยากได้บ้านทรงไทยก็มักจะไปจ้างบริษัทรับเหมาก่อสร้าง ให้สร้างบ้านในแบบที่ตนเองต้องการ ดังนั้นจึงมักมีการแอบลอบตัดไม้เขตหวงห้ามเพื่อนำไม้มาทำการสร้างบ้านเรือนไทย โดยเรามักจะพบตามข่าวในหน้าหนังสือว่า เจ้าหน้าที่ป่าไม้ก็อานวยความสะดวกให้กับผู้ลักลอบตัดไม้เพราะได้รับสินบน จากข้อความดังกล่าว ใครมีความผิดมากที่สุด,"(1) คนที่ต้องการสร้างบ้านทรงไทย
(2) บริษัทที่รับเหมาก่อสร้างบ้านทรงไทย
(3) คนตัดไม้
(4) เจ้าหน้าที่กรมป่าไม้
(5) ไม่มีใครผิด
",(4) เจ้าหน้าที่กรมป่าไม้,True,True,True,Ethics
2024,107,เด็กชายนพมาเข้าสอบสายเป็นเวลา 20 นาที แต่ในกติกากำหนดว่าห้ามมาสายเกิน 15 นาที แต่อาจารย์ที่คุมสอบก็อนุโลมให้เด็กชายนพเข้าห้องสอบ พออาจารย์ตรวจข้อสอบของเด็กชายนพ พบว่าคำตอบของเด็กชายนพใกล้เคียงกับคนข้างๆ พอเรียกมาถามก็ตอบว่า “ผมไม่ได้ลอกครับผมทำเอง คงเป็นเรื่องบังเอิญครับ” อาจารย์เลยไม่ได้สงสัยอะไร แต่ผลของคำตอบเป็นแบบนี้ถึง 2 วิชา เด็กชายนพทุจริตและถูกไล่ออกจากโรงเรียนเดิม หากท่านเป็นอาจารย์ท่านจะคิดอย่างไร,"(1) สอบสวนและคอยจับตาดูเด็กชายนพเอาไว้
(2) ไล่ออกทันที เพราะเด็กชายนพมีประวัติเช่นนี้มาก่อน
(3) หากพบว่าเด็กชายนพทุจริตจริง ก็ควรให้โอกาสอนาคตของชาติ
(4) ส่งเรื่องไปให้ผู้อานวยการตัดสินว่าจะไล่ออกหรือไม่
(5) หากเป็นเรื่องบังเอิญจริง แล้วไล่เด็กชายนพออกจะทำอย่างไร
",(5) หากเป็นเรื่องบังเอิญจริง แล้วไล่เด็กชายนพออกจะทำอย่างไร,True,True,True,Ethics
2024,108,นางมรกตเป็นแม่ค้าขายหมูอยู่ในตลาด โดยนางมรกตเป็นแม่ค้าที่มีนิสัยคดโกง โดยได้จ้างนายนิลให้มาดัดแปลงตาชั่งของตนเองให้ชั่งน้ำหนักได้มากเกินความจริง วันหนึ่งนางอัญได้ไปซื้อเนื้อหมูกับนางมรกตและจับได้ว่านางมรกตโกงตาชั่ง จึงไปแจ้งจ่าเหลืองซึ่งเป็นตารวจ จ่าเหลืองเห็นว่าไม่ใช่เรื่องร้ายแรงอะไรจึงแค่เตือนนางมรกตว่าอย่าทำอีก แต่ด้วยความโลภของนางมรกตทำให้นางมรกตยังคงโกงตาชั่งลูกค้าต่อไป จากเหตุการณ์นี้ใครผิดที่สุด,"(1) นางมรกต
(2) นายนิล
(3) จ่าเหลือง
(4) นางอัญ
(5) ไม่มีใครผิด
",(1) นางมรกต,True,True,True,Ethics
2024,109,ณ ลานจอดรถของโรงเรียน มีผู้ปกครองจอดรถรอนักเรียนเลิก โดยเปิดแอร์และนั่งรอในรถ ท่านมีความคิดเห็นว่าอย่างไร,"(1) ไม่ได้ทำให้ใครเดือดร้อน
(2) ไม่รับผิดชอบต่อสังคม
(3) เห็นแก่ตัว
(4) รักความสบาย
(5) ไม่ช่วยกันประหยัดพลังงานโลก
",(5) ไม่ช่วยกันประหยัดพลังงานโลก,True,True,True,Ethics
2024,110,โทรศัพท์ในขณะเรียน หากตนจับได้จะยึดและทำลายโทรศัพท์ทิ้งทันที และยืนยันว่าตนเป็นคนพูดจริง ทำจริงอยู่มาวันหนึ่งอาจารย์ได้ทำการสอนตามปกติ นาย A เป็นเด็กที่ไม่ตั้งใจเรียนและยังนั่งเล่นโทรศัพท์ BlackBerry ทำให้อาจารย์สมศรีไม่พอใจ และเดินเข้ามาแย่งโทรศัพท์ไปจากมือนาย A และปาทิ้งลงพื้นทันที ท่านมีความคิดเห็นอย่างไร,"(1) รู้สึกพอใจ
(2) คุณครูสมศรีทำเกินเหตุ
(3) หากนาย A ปฏิบัติตามกฎ เรื่องแบบนี้คงไม่เกิดขึ้น
(4) ถ้าครูสมศรีไม่ทำเช่นนี้ กฎจะไม่เป็นกฎ
(5) นาย A ควรร้องเรียนเรื่องนี้กับผู้อำนวยการ
",(2) คุณครูสมศรีทำเกินเหตุ,True,True,True,Ethics
2024,111,คอนโดมิเนียมหรูกลางกรุงแห่งหนึ่งที่มีกฎระเบียบห้ามถอดรองเท้าวางไว้หน้าห้องพัก หากผู้ใดฝ่าฝืนพนักงานรักความปลอดภัยจะยึดไว้และให้ไปรับคืน เนวินพักอาศัยอยู่ชั้นเดียวกับบรรหาร และสังเกตเห็นว่าบรรหารชอบวางรองเท้าไว้หน้าห้องเป็นเวลานาน และจะเก็บก็ต่อเมื่อเขาจะไม่ออกไปไหนอีก แล้ว เนวินจึงเก็บรองเท้าของบรรหารไปทิ้งขยะ แต่บรรหารจับได้จึงไปแจ้งตำรวจ หากท่านเป็นตำรวจที่รับแจ้งความ ท่านจะตัดสินว่าเนวินมีความผิดหรือไม่:,"(1) ไม่มีความผิด เพราะบรรหารทำผิดกฎคอนโดต้องได้รับการลงโทษ.
(2) ไม่มีความผิด เพราะเนวินทำหน้าที่ของพลเมืองดี ควรได้รับความเห็นใจ.
(3) ไม่มีความผิด เพราะเป็นการช่วยแบ่งเบาภาระของพนักงานรักความปลอดภัย.
(4) มีความผิด เพราะเป็นการลักขโมยสิ่งของของผู้อื่น.
(5) มีความผิด เพราะพนักงานรักความปลอดภัยเท่านั้นที่จะมีอำนาจดำเนินการ.
",(4) มีความผิด เพราะเป็นการลักขโมยสิ่งของของผู้อื่น.,True,True,True,Ethics
2024,112,ส้มเช้งเป็นเพื่อนสนิทของท่านมาตั้งแต่ประถม เธอเป็นเด็กดีขยัน แต่ฐานะทางบ้านยากจนจึงต้องทำงานพิเศษตลอดเวลา ทำให้ไม่มีเวลาอ่านหนังสือเท่าที่ควร หากในการสอบครั้งนี้ส้มเช้งมาขอลอกข้อสอบท่าน และนั่นเป็นการสอบครั้งสุดท้าย ถ้าหากโดนจับได้จะโดนจับทุจริตปรับตกทุกวิชา จนทำให้ต้องเรียนซ้ำอีกหนึ่งปี และถ้าหากเธอสามารถทำคะแนนสอบครั้งนี้ได้ดี เธอจะเรียนจบ และจะสามารถทำงานหาเงินเลี้ยงแม่ที่กำลังป่วยหนักได้ท่านมีความคิดเห็นอย่างไร:,"(1) ควรบอกครูคุมสอบหรือเปล่า หรือปล่อยให้เขาลอก
(2) ควรถูกต้องควรมาก่อนสิ่งอื่นใดเสมอมิใช่หรือ
(3) บางครั้งเรื่องบางเรื่องก็มีข้อยกเว้น
(4) เรากล้าที่จะทำลายอนาคตคนอื่นหรือ
(5) การช่วยเหลือเพื่อนของท่านให้เรียนจบ เขาจะได้ไปสร้างครอบครัวที่ดีของเขาจริงหรือไม่
",(2) ควรถูกต้องควรมาก่อนสิ่งอื่นใดเสมอมิใช่หรือ,True,True,True,Ethics
2024,113,นายไม้เป็นนักศึกษาของมหาวิทยาลัยแห่งหนึ่ง โดยเป็นบุคคลที่แต่งตัวตามสมัยนิยม คือ กางเกงเอวต่ำ เสื้อชายสั้น ย้อมผมสีทอง ใส่ต่างหู วันหนึ่งอาจารย์สมชาย ได้พบว่านายไม้ใส่เสื้อหลุดออกนอกกางเกง อาจารย์สมชายจึงเรียกนายไม้ไปพบเพื่อที่จะทำการลงโทษตามกฎของมหาวิทยาลัย แต่นายไม้ก็ได้บอกกับอาจารย์สมชายว่า มันเป็นเหตุสุดวิสัยไม่ได้ตั้งใจจะเอาเสื้อออกนอกกางเกง หากท่านเป็นอาจารย์สมชาย ท่านคิดเห็นอย่างไรกับเรื่องนี้:,"(1) ควรลงโทษตามกฎของมหาวิทยาลัย บุคคลอื่นจะได้ไม่เอาเป็นแบบอย่าง
(2) ควรเห็นใจนายไม้และปล่อยไป เพราะเป็นอนาคตของชาติ
(3) อาจจะเป็นเหตุสุดวิสัยจริง ๆ ก็เป็นได้
(4) หากลงโทษแล้ว นายไม้ไม่ผิดจริงจะทำอย่างไร
(5) ท่านเข้มงวดมากไปหรือไม่
",(5) ท่านเข้มงวดมากไปหรือไม่,True,True,True,Ethics
2024,114,ในช่วงเวลาที่ยางพารามีราคาต่ำ หากท่านเป็นรัฐบาล ท่านจะช่วยแก้ปัญหานี้อย่างไร:,"(1) สนับสนุนให้มีการปลูกต้นไม้ชนิดอื่นแทน
(2) นำเสนอข่าวอื่น เพื่อเบี่ยงเบนความสนใจ
(3) โจมตีรัฐบาลชุดที่แล้ว ว่าเป็นต้นเหตุของราคาที่ต่ำ
(4) ทำให้มีการผลิตสินค้าที่ใช้ยางพารามากขึ้น
(5) ตั้งธนาคารยางพารา เพื่อหาประโยชน์จากธนาคาร
",(4) ทำให้มีการผลิตสินค้าที่ใช้ยางพารามากขึ้น,True,True,True,Ethics
2024,115,กระแสสื่อออนไลน์ในปัจจุบันมีคลิปหลุดการขับปาดหน้าไปมาระหว่างรถสองคัน และมีการแสดงความคิดเห็นกัน วิพากษ์วิจารณ์กันอย่างแพร่หลายว่าใครผิดใครถูก หากท่านเป็นตารวจที่ดำเนินคดีนี้ ท่านจะใช้ประโยชน์จากคลิปนี้อย่างไร:,"(1) ดูว่าความเห็นของประชาชนเป็นส่วนใหญ่ คิดว่าใครผิด ก็ตั้งข้อหาคนนั้น
(2) เอาคลิปมาวิเคราะห์ด้วยตนเองอีกครั้ง
(3) ไม่สนใจคลิป เพราะคิดว่าทาให้หน้าที่ตนดูไม่ค่อยมีความหมาย
(4) ไม่สนใจคลิป เพราะคิดว่าเป็นการตัดต่อแน่นอน
(5) ฝ่ายไหนโพสต์คลิป คิดว่าน่าจะเป็นฝ่ายที่น่าสงสัยว่าจะผิด
",(2) เอาคลิปมาวิเคราะห์ด้วยตนเองอีกครั้ง,True,True,True,Ethics
2024,116,กรณีผู้ว่าราชการจังหวัดประกอบพิธีปลุกเสกพระ ในพิธีกรรมมีพระ 9 รูป โดยมีพระรูปหนึ่งอาพาธอยู่จึงนั่งแยกในห้องกระจก สถานการณ์นี้ควรพิจารณาเรื่องใด:,"(1) การกระทำเช่นนี้เหมาะสมแล้วหรือไม่
(2) การทำอย่างนี้เพื่อให้มีคนมาสนใจเช่าพระมากขึ้นหรือไม่
(3) เป็นการเพิ่มความขลังให้กับพิธีกรรม
(4) เป็นการป้องกันการติดโรคจากพระที่อาพาธอยู่ เหมาะสมแล้ว
(5) ผู้ว่าได้รับผลประโยชน์แอบแฝงหรือไม่
",(1) การกระทำเช่นนี้เหมาะสมแล้วหรือไม่,True,True,True,Ethics
